2025-12-19||Complete|2025-12-19-inv-update-readme-current-cli-commands.md|Investigation: Update README with current CLI commands and usage
2025-12-19|beads|Complete|2025-12-19-inv-set-beads-issue-status-progress.md|Investigation: Set beads issue status to in_progress on spawn
2025-12-19|cli|Complete|2025-12-19-inv-cli-orch-complete-command.md|Investigation: CLI orch complete Command Implementation
2025-12-19|cli|Complete|2025-12-19-inv-cli-orch-status-command.md|Investigation: CLI Orch Status Command
2025-12-19|cli|Complete|2025-12-19-inv-cli-project-scaffolding-build.md|Investigation: CLI Project Scaffolding and Build Setup
2025-12-19|opencode|Complete|2025-12-19-inv-client-opencode-session-management.md|Investigation: OpenCode Client Package Session Management
2025-12-19|spawn|Complete|2025-12-19-inv-cli-orch-spawn-command.md|Investigation: CLI orch spawn Command Implementation
2025-12-19|spawn|Complete|2025-12-19-simple-opencode-poc-spawn-session-via.md|Investigation: OpenCode POC - Spawn Session Via Go
2025-12-20||Complete|2025-12-20-inv-add-api-agentlog-endpoint-serve.md|Summary (D.E.K.N.)
2025-12-20||Complete|2025-12-20-inv-add-cli-commands-focus-drift.md|Investigation: Add CLI Commands for Focus, Drift, and Next
2025-12-20||Complete|2025-12-20-inv-add-dry-run-flag-daemon.md|Investigation: Add --dry-run flag to daemon run command
2025-12-20||Complete|2025-12-20-inv-add-orch-review-command-batch.md|Investigation: Add orch review command for batch completion workflow
2025-12-20||Complete|2025-12-20-inv-add-wait-command-orch.md|Investigation: Add Wait Command to orch-go
2025-12-20||Complete|2025-12-20-inv-automate-knowledge-sync-using-cobra.md|Investigation: Automate Knowledge Sync using Cobra Doc Gen
2025-12-20||Complete|2025-12-20-inv-benchmark-kb-search-vs-grep.md|Summary (D.E.K.N.)
2025-12-20||Complete|2025-12-20-inv-compare-orch-cli-python-orch.md|Investigation: Compare orch-cli (Python) vs orch-go Features
2025-12-20||Complete|2025-12-20-inv-enhance-orch-review-parse-display.md|Investigation: Enhance orch review to parse and display SYNTHESIS.md
2025-12-20||Complete|2025-12-20-inv-enhance-status-command-swarm-progress.md|Summary (D.E.K.N.)
2025-12-20||Complete|2025-12-20-inv-expose-strategic-alignment-commands-focus.md|Investigation: Expose Strategic Alignment Commands
2025-12-20||Complete|2025-12-20-inv-finalize-native-implementation-orch-send.md|Investigation: Finalize Native Implementation for orch send
2025-12-20||Complete|2025-12-20-inv-orch-add-abandon-command.md|Investigation: Add Abandon Command to orch-go
2025-12-20||Complete|2025-12-20-inv-orch-add-agent-registry-persistent.md|Investigation: Agent Registry for Persistent Tracking
2025-12-20||Complete|2025-12-20-inv-orch-add-question-command.md|Investigation: orch-go Add Question Command
2025-12-20||Complete|2025-12-20-inv-orch-add-tail-command.md|Investigation: Add Tail Command for Agent Debugging
2025-12-20||Complete|2025-12-20-inv-orch-add-work-command.md|Investigation: Add work command to orch-go
2025-12-20||Complete|2025-12-20-inv-perform-final-sanity-check-orch.md|Investigation: Final Sanity Check of orch-go Commands
2025-12-20||Complete|2025-12-20-inv-plan-refactoring-pkg-registry-act.md|Investigation: Refactoring pkg/registry as Beads Issue State Cache
2025-12-20||Complete|2025-12-20-inv-poc-port-python-standalone-api.md|Investigation: POC Port Python Standalone + API Discovery to orch-go
2025-12-20||Complete|2025-12-20-inv-refactor-orch-tail-use-opencode.md|Summary (D.E.K.N.)
2025-12-20|beads|Complete|2025-12-20-inv-fix-bd-create-output-parsing.md|Investigation: Fix bd create output parsing
2025-12-20|beads|Complete|2025-12-20-inv-scaffold-beads-ui-v2-bun.md|Investigation: Scaffold beads-ui v2 (Bun + SvelteKit 5 + shadcn-svelte)
2025-12-20|daemon|Complete|2025-12-20-inv-orch-add-daemon-command.md|Investigation: Daemon Command Implementation
2025-12-20|design|Complete|2025-12-20-design-explore-tradeoffs-orch-opencode-integration.md|Investigation: Explore Tradeoffs for orch-go OpenCode Integration
2025-12-20|knowledge|Complete|2025-12-20-inv-investigate-model-flexibility-arbitrage-orch.md|Investigation: Port model flexibility and arbitrage to orch-go
2025-12-20|knowledge|Complete|2025-12-20-inv-research-gemini-model-arbitrage-alternatives.md|Investigation: Gemini 2.0 and Model Arbitrage Alternatives (Late 2025)
2025-12-20|knowledge|Complete|2025-12-20-research-model-arbitrage-api-vs-max.md|Investigation: Model Arbitrage and API vs Max Math (Late 2025)
2025-12-20|research|Complete|2025-12-20-inv-recursive-research-loop-persona-confusion.md|Investigation: Recursive Research Loop Persona Confusion
2025-12-20|research|Complete|2025-12-20-inv-research-claude-claude-max-pricing.md|Research: Claude 4.5 and Claude Max Pricing (Late 2025)
2025-12-20|research|Complete|2025-12-20-inv-research-gemini-2-0-models.md|Research: Gemini 2.0 Models (Flash, Pro, Experimental)
2025-12-20|research|Complete|2025-12-20-research-opencode-native-context-loading.md|Investigation: OpenCode Native Context Loading
2025-12-20|research|Complete|2025-12-20-research-orch-spawn-vs-opencode-agents.md|Investigation: orch spawn vs Native OpenCode Agents
2025-12-20|research|In Progress|2025-12-20-research-deepseek-llama-arbitrage-comparison.md|Research: DeepSeek and Llama Model Comparison for Arbitrage (Late 2025)
2025-12-20|skill|Complete|2025-12-20-inv-update-all-worker-skills-include.md|Investigation: Update All Worker Skills with 'Leave it Better' Phase
2025-12-20|skill|Complete|2025-12-20-inv-update-investigation-skill-use-summary.md|Summary (D.E.K.N.)
2025-12-20|spawn|Complete|2025-12-20-inv-add-missing-spawn-flags-no.md|Investigation: Add Missing Spawn Flags
2025-12-20|spawn|Complete|2025-12-20-inv-fix-spawn-use-standalone-mode.md|Investigation: Fix Spawn to Use Standalone Mode with TUI
2025-12-20|spawn|Complete|2025-12-20-inv-implement-headless-spawn-mode-add.md|Investigation: Implement Headless Spawn Mode
2025-12-20|spawn|Complete|2025-12-20-inv-make-headless-mode-default-deprecate.md|Investigation: Make Headless Mode Default for Spawn
2025-12-20|spawn|Complete|2025-12-20-inv-scope-out-headless-swarm-implementation.md|Summary (D.E.K.N.)
2025-12-20|synthesis|Complete|2025-12-20-audit-legacy-artifacts-synthesis-protocol.md|Summary (D.E.K.N.)
2025-12-20|synthesis|Complete|2025-12-20-design-synthesis-protocol-schema.md|Investigation: Synthesis Protocol Design for Agent Handoffs
2025-12-20|synthesis|Complete|2025-12-20-inv-implement-synthesis-card-display-swarm.md|Summary (D.E.K.N.)
2025-12-20|synthesis|Complete|2025-12-20-inv-implement-synthesis-protocol-create-orch.md|Investigation: Synthesis Protocol Implementation Verification
2025-12-21||Complete|2025-12-21-inv-agents-being-marked-completed-registry.md|Summary (D.E.K.N.)
2025-12-21||Complete|2025-12-21-inv-chronicle-artifact-type-design.md|Summary (D.E.K.N.)
2025-12-21||Complete|2025-12-21-inv-citation-mechanisms-how-artifacts-track.md|Summary (D.E.K.N.)
2025-12-21||Complete|2025-12-21-inv-deep-dive-inter-agent-communication.md|Summary (D.E.K.N.)
2025-12-21||Complete|2025-12-21-inv-deep-post-mortem-last-24.md|Summary (D.E.K.N.)
2025-12-21||Complete|2025-12-21-inv-enhance-orch-clean-four-layer.md|Summary (D.E.K.N.)
2025-12-21||Complete|2025-12-21-inv-enhance-tmuxinator-config-generation-use.md|Summary (D.E.K.N.)
2025-12-21||Complete|2025-12-21-inv-failure-mode-artifacts.md|Summary (D.E.K.N.)
2025-12-21||Complete|2025-12-21-inv-fix-oauth-token-revocation-getaccountcapacity.md|Summary (D.E.K.N.)
2025-12-21||Complete|2025-12-21-inv-fix-session-id-capture-timing.md|Summary (D.E.K.N.)
2025-12-21||Complete|2025-12-21-inv-implement-port-allocation-registry-orch.md|Summary (D.E.K.N.)
2025-12-21||Complete|2025-12-21-inv-knowledge-promotion-paths.md|Summary (D.E.K.N.)
2025-12-21||Complete|2025-12-21-inv-orch-status-showing-stale-sessions.md|Summary (D.E.K.N.)
2025-12-21||Complete|2025-12-21-inv-orchestrator-session-boundaries.md|Summary (D.E.K.N.)
2025-12-21||Complete|2025-12-21-inv-questioning-inherited-constraints-when-how.md|Summary (D.E.K.N.)
2025-12-21||Complete|2025-12-21-inv-reconciliation-should-check-completed-work.md|Summary (D.E.K.N.)
2025-12-21||Complete|2025-12-21-inv-reflection-checkpoint-pattern-agent-sessions.md|Summary (D.E.K.N.)
2025-12-21||Complete|2025-12-21-inv-registry-abandon-doesn-remove-agent.md|Summary (D.E.K.N.)
2025-12-21||Complete|2025-12-21-inv-scope-orch-init-project-standardization.md|Summary (D.E.K.N.)
2025-12-21||Complete|2025-12-21-inv-temporal-signals-autonomous-reflection.md|Summary (D.E.K.N.)
2025-12-21||Complete|2025-12-21-inv-trace-evolution-orch-cli-python.md|Summary (D.E.K.N.)
2025-12-21||Complete|2025-12-21-inv-workspace-lifecycle-when-workspaces-created.md|Summary (D.E.K.N.)
2025-12-21|audit|Complete|2025-12-21-inv-audit-all-registry-usage-orch.md|Summary (D.E.K.N.)
2025-12-21|beads|Complete|2025-12-21-inv-beads-kb-workspace-relationships-how.md|Summary (D.E.K.N.)
2025-12-21|beads|Complete|2025-12-21-inv-beads-oss-relationship-fork-vs.md|Summary (D.E.K.N.)
2025-12-21|beads|Complete|2025-12-21-inv-orch-complete-closes-beads-issue.md|Summary (D.E.K.N.)
2025-12-21|daemon|Complete|2025-12-21-inv-daemon-hook-integration-kb-reflect.md|Summary (D.E.K.N.)
2025-12-21|dashboard|Findings Complete|2025-12-21-inv-dashboard-needs-better-agent-activity.md|Summary (D.E.K.N.)
2025-12-21|design|Complete|2025-12-21-design-deep-pattern-analysis-orchestration-artifacts.md|Summary (D.E.K.N.)
2025-12-21|design|Complete|2025-12-21-design-kb-reflect-command-specification.md|Summary (D.E.K.N.)
2025-12-21|design|Complete|2025-12-21-design-minimal-artifact-taxonomy.md|Summary (D.E.K.N.)
2025-12-21|design|Complete|2025-12-21-inv-design-self-reflection-protocol-specification.md|Summary (D.E.K.N.)
2025-12-21|design|Complete|2025-12-21-inv-design-single-agent-review-command.md|Summary (D.E.K.N.)
2025-12-21|knowledge|Complete|2025-12-21-inv-fix-buildspawncommand-pass-model-flag.md|Summary (D.E.K.N.)
2025-12-21|knowledge|Complete|2025-12-21-inv-model-handling-conflicts-between-orch.md|Summary (D.E.K.N.)
2025-12-21|spawn|Complete|2025-12-21-inv-add-concurrency-limit-orch-spawn.md|Summary (D.E.K.N.)
2025-12-21|spawn|Complete|2025-12-21-inv-headless-spawn-not-sending-prompts.md|Summary (D.E.K.N.)
2025-12-21|spawn|Complete|2025-12-21-inv-phase-evaluate-spawn-session-id.md|Summary (D.E.K.N.)
2025-12-21|synthesis||2025-12-21-synthesis-registry-evolution-and-orch-identity.md|Synthesis: Registry Evolution and Orch Identity
2025-12-21|synthesis|Complete|2025-12-21-inv-agents-skip-synthesis-md-creation.md|Summary (D.E.K.N.)
2025-12-21|synthesis|Complete|2025-12-21-inv-multi-agent-synthesis-when-multiple.md|Summary (D.E.K.N.)
2025-12-21|verification|Complete|2025-12-21-inv-implement-verify-opencode-disk-session.md|Summary (D.E.K.N.)
2025-12-21|verification|Complete|2025-12-21-inv-investigate-orch-status-showing-stale.md|Summary (D.E.K.N.)
2025-12-21|verification|Complete|2025-12-21-inv-post-install-verify.md|Summary (D.E.K.N.)
2025-12-22||Complete|2025-12-22-debug-orch-status-stale-sessions.md|Summary (D.E.K.N.)
2025-12-22||Complete|2025-12-22-inv-40-agents-showing-as-active.md|Summary (D.E.K.N.)
2025-12-22||Complete|2025-12-22-inv-add-lineage-headers-extracted-supersedes.md|Summary (D.E.K.N.)
2025-12-22||Complete|2025-12-22-inv-add-liveness-warning-orch-complete.md|Summary (D.E.K.N.)
2025-12-22||Complete|2025-12-22-inv-add-orch-swarm-command-batch.md|Summary (D.E.K.N.)
2025-12-22||Complete|2025-12-22-inv-add-windows-flag-orch-clean.md|Summary (D.E.K.N.)
2025-12-22||Complete|2025-12-22-inv-agentlog-init-ready-integrate-into.md|Summary (D.E.K.N.)
2025-12-22||Complete|2025-12-22-inv-claude-md-template-system.md|Summary (D.E.K.N.)
2025-12-22||Complete|2025-12-22-inv-consolidate-artifact-templates-into-kb.md|Summary (D.E.K.N.)
2025-12-22||Complete|2025-12-22-inv-debug-session-id-write.md|Summary (D.E.K.N.)
2025-12-22||Complete|2025-12-22-inv-deep-dive-template-system-fragmentation.md|Summary (D.E.K.N.)
2025-12-22||Complete|2025-12-22-inv-final-test-installed-binary.md|Summary (D.E.K.N.)
2025-12-22||Complete|2025-12-22-inv-how-do-investigation-files-become-stale.md|Summary (D.E.K.N.)
2025-12-22||Complete|2025-12-22-inv-implement-kb-chronicle-command-shows.md|Summary (D.E.K.N.)
2025-12-22||Complete|2025-12-22-inv-implement-progressive-disclosure-feature-impl.md|Summary (D.E.K.N.)
2025-12-22||Complete|2025-12-22-inv-implement-tiered-kb-context-filtering.md|Summary (D.E.K.N.)
2025-12-22||Complete|2025-12-22-inv-orch-handoff-generates-stale-incorrect.md|Summary (D.E.K.N.)
2025-12-22||Complete|2025-12-22-inv-orch-init-consider-creating-default.md|Summary (D.E.K.N.)
2025-12-22||Complete|2025-12-22-inv-real-time-agent-activity-display.md|Summary (D.E.K.N.)
2025-12-22||Complete|2025-12-22-inv-retire-stale-investigation-template-orch.md|Summary (D.E.K.N.)
2025-12-22||Complete|2025-12-22-inv-review-19-open-investigations-kb.md|Summary (D.E.K.N.)
2025-12-22||Complete|2025-12-22-inv-trace-confidence-score-effectiveness.md|Summary (D.E.K.N.)
2025-12-22||Complete|2025-12-22-inv-update-orch-status-use-islive.md|Summary (D.E.K.N.)
2025-12-22||Complete|2025-12-22-inv-update-project-claude-md-reflect.md|Summary (D.E.K.N.)
2025-12-22||Complete|2025-12-22-inv-what-knowledge-context-lives-completed.md|Summary (D.E.K.N.)
2025-12-22||Complete|2025-12-22-inv-workers-stall-during-build-phase.md|Summary (D.E.K.N.)
2025-12-22|audit|Complete|2025-12-22-inv-audit-orchestration-lifecycle-post-registry.md|Summary (D.E.K.N.)
2025-12-22|beads|Complete|2025-12-22-debug-headless-spawns-not-discoverable-by-beads-id.md|Summary (D.E.K.N.)
2025-12-22|beads|Complete|2025-12-22-inv-beads-multi-repo-hydration-why.md|Summary (D.E.K.N.)
2025-12-22|daemon|Complete|2025-12-22-inv-add-concurrency-control-daemon-worker.md|Summary (D.E.K.N.)
2025-12-22|daemon|Complete|2025-12-22-inv-phase-daemon-hook-integration-add.md|Summary (D.E.K.N.)
2025-12-22|dashboard|Complete|2025-12-22-debug-dashboard-shows-0-agents-despite-api-returning-209.md|Summary (D.E.K.N.)
2025-12-22|dashboard|Complete|2025-12-22-inv-dashboard-agent-activity-visibility.md|Summary (D.E.K.N.)
2025-12-22|design|Complete|2025-12-22-inv-design-ideal-cross-repo-setup.md|Summary (D.E.K.N.)
2025-12-22|design|Complete|2025-12-22-inv-design-knowledge-system-project-extraction.md|Summary (D.E.K.N.)
2025-12-22|knowledge|Complete|2025-12-22-inv-model-flexibility-phase-expand-model.md|Summary (D.E.K.N.)
2025-12-22|skill|Complete|2025-12-22-inv-de-bloat-feature-impl-skill.md|Summary (D.E.K.N.)
2025-12-22|skill|Complete|2025-12-22-inv-migrate-feature-impl-skill-skillc.md|Summary (D.E.K.N.)
2025-12-22|skill|Complete|2025-12-22-inv-pilot-migration-convert-investigation-skill.md|Summary (D.E.K.N.)
2025-12-22|spawn|Complete|2025-12-22-inv-fix-pre-spawn-kb-context.md|Summary (D.E.K.N.)
2025-12-22|spawn|Complete|2025-12-22-inv-flip-default-spawn-mode-headless.md|Summary (D.E.K.N.)
2025-12-22|spawn|Complete|2025-12-22-inv-headless-spawn-mode-readiness-what.md|Summary (D.E.K.N.)
2025-12-22|spawn|Complete|2025-12-22-inv-headless-spawn-registers-wrong-project.md|Summary (D.E.K.N.)
2025-12-22|spawn|Complete|2025-12-22-inv-implement-tiered-spawn-protocol-add.md|Summary (D.E.K.N.)
2025-12-22|spawn|Complete|2025-12-22-inv-orch-spawn-auto-init-if.md|Summary (D.E.K.N.)
2025-12-22|spawn|Complete|2025-12-22-inv-pre-spawn-kb-context-noise-filtering.md|Summary (D.E.K.N.)
2025-12-22|spawn|Complete|2025-12-22-inv-spawn-agent-tmux.md|Summary (D.E.K.N.)
2025-12-22|spawn|Complete|2025-12-22-inv-update-spawn-command-help-text.md|Summary (D.E.K.N.)
2025-12-22|verification|Complete|2025-12-22-inv-investigate-skillc-vs-orch-knowledge.md|Summary (D.E.K.N.)
2025-12-22|verification|Complete|2025-12-22-inv-re-investigate-skillc-vs-orch.md|Summary (D.E.K.N.)
2025-12-23||Complete|2025-12-23-debug-opencode-api-redirect-loop.md|Summary (D.E.K.N.)
2025-12-23||Complete|2025-12-23-inv-analyze-nate-jones-article-llm.md|Summary (D.E.K.N.)
2025-12-23||Complete|2025-12-23-inv-explore-options-centralized-server-management.md|Summary (D.E.K.N.)
2025-12-23||Complete|2025-12-23-inv-explore-value-orchestrator-worker-awareness.md|Summary (D.E.K.N.)
2025-12-23||Complete|2025-12-23-inv-external-content-workflow-discussing-reddit.md|Summary (D.E.K.N.)
2025-12-23||Complete|2025-12-23-inv-find-command-performance-evaluate-alternatives.md|Summary (D.E.K.N.)
2025-12-23||Complete|2025-12-23-inv-implement-context-injection-gathering-orch.md|Summary (D.E.K.N.)
2025-12-23||Complete|2025-12-23-inv-oc-command-opencode-dev-wrapper.md|Summary (D.E.K.N.)
2025-12-23||Complete|2025-12-23-inv-orch-status-can-detect-active.md|Summary (D.E.K.N.)
2025-12-23||Complete|2025-12-23-inv-orch-status-shows-active-agents.md|Summary (D.E.K.N.)
2025-12-23||Complete|2025-12-23-inv-orch-status-takes-11-seconds.md|Summary (D.E.K.N.)
2025-12-23||Complete|2025-12-23-inv-orch-wait-fails-failed-get.md|Summary (D.E.K.N.)
2025-12-23||Complete|2025-12-23-inv-set-orch-worker-environment-variable.md|Summary (D.E.K.N.)
2025-12-23|audit|Complete|2025-12-23-audit-organizational-orch-go-codebase-structure.md|Summary (D.E.K.N.)
2025-12-23|cli|Complete|2025-12-23-inv-cli-output-not-appearing-orch.md|Summary (D.E.K.N.)
2025-12-23|cli|Complete|2025-12-23-inv-cli-output-not-appearing.md|Summary (D.E.K.N.)
2025-12-23|dashboard|Complete|2025-12-23-inv-audit-swarm-dashboard-web-ui.md|Summary (D.E.K.N.)
2025-12-23|dashboard|Complete|2025-12-23-inv-design-question-should-swarm-dashboard.md|Summary (D.E.K.N.)
2025-12-23|dashboard|Investigating|2025-12-23-inv-web-ui-intermittent-failure-race.md|Summary (D.E.K.N.)
2025-12-23|design|Complete|2025-12-23-inv-design-question-should-orch-servers.md|Summary (D.E.K.N.)
2025-12-23|knowledge|Complete|2025-12-23-debug-headless-spawn-model-format.md|Summary (D.E.K.N.)
2025-12-23|knowledge|Complete|2025-12-23-inv-model-selection-issue-architect-agent.md|Summary (D.E.K.N.)
2025-12-23|research|Complete|2025-12-23-design-practitioner-research-infrastructure.md|Design: Practitioner Research Infrastructure
2025-12-23|skill|Complete|2025-12-23-inv-audit-recent-skill-changes-their.md|Summary (D.E.K.N.)
2025-12-23|skill|Complete|2025-12-23-inv-cleanup-after-orchestrator-skill-loading.md|Summary (D.E.K.N.)
2025-12-23|skill|Complete|2025-12-23-inv-create-kb-reflect-skill-triaging.md|Summary (D.E.K.N.)
2025-12-23|skill|Complete|2025-12-23-inv-fix-skill-constraint-scoping-currently.md|Summary (D.E.K.N.)
2025-12-23|skill|Complete|2025-12-23-inv-orchestrator-skill-loading-workers-despite.md|Summary (D.E.K.N.)
2025-12-23|skill|Complete|2025-12-23-inv-test-fix-nested-skillc.md|Summary (D.E.K.N.)
2025-12-23|skill|Complete|2025-12-23-inv-update-orchestrator-skill-reflect-headless.md|Summary (D.E.K.N.)
2025-12-23|spawn|Complete|2025-12-23-inv-headless-spawn-does-not-pass.md|Summary (D.E.K.N.)
2025-12-23|spawn|Complete|2025-12-23-inv-orch-status-shows-headless-agents.md|Summary (D.E.K.N.)
2025-12-23|spawn|Complete|2025-12-23-inv-token-limit-explosion-headless-spawn.md|Summary (D.E.K.N.)
2025-12-23|verification|Complete|2025-12-23-inv-implement-constraint-extraction-verification-orch.md|Summary (D.E.K.N.)
2025-12-23|verification|Complete|2025-12-23-inv-implement-phase-gates-verification-orch.md|Summary (D.E.K.N.)
2025-12-23|verification|Complete|2025-12-23-inv-implement-skill-constraint-verification-orch.md|Summary (D.E.K.N.)
2025-12-23|verification|Complete|2025-12-23-inv-investigate-git-branching-strategies-swarm.md|Summary (D.E.K.N.)
2025-12-23|verification|Complete|2025-12-23-inv-verify-spawn-works.md|Summary (D.E.K.N.)
2025-12-24||Complete|2025-12-24-inv-add-api-usage-endpoint-serve.md|Summary (D.E.K.N.)
2025-12-24||Complete|2025-12-24-inv-agent-card-should-show-processing.md|Summary (D.E.K.N.)
2025-12-24||Complete|2025-12-24-inv-auto-rebuild-after-go-changes.md|Summary (D.E.K.N.)
2025-12-24||Complete|2025-12-24-inv-enhance-orch-handoff-command-keep.md|Summary (D.E.K.N.)
2025-12-24||Complete|2025-12-24-inv-feature-impl-agents-completing-without.md|Summary (D.E.K.N.)
2025-12-24||Complete|2025-12-24-inv-fix-active-agents-constantly-reordering.md|Summary (D.E.K.N.)
2025-12-24||Complete|2025-12-24-inv-fix-archive-section-sort-completed.md|Summary (D.E.K.N.)
2025-12-24||Complete|2025-12-24-inv-fix-nanm-runtime-display-agent.md|Summary (D.E.K.N.)
2025-12-24||Complete|2025-12-24-inv-fix-orch-clean-messaging-currently.md|Summary (D.E.K.N.)
2025-12-24||Complete|2025-12-24-inv-fix-race-condition-tests-using.md|Summary (D.E.K.N.)
2025-12-24||Complete|2025-12-24-inv-fix-recent-section-jostling-use.md|Summary (D.E.K.N.)
2025-12-24||Complete|2025-12-24-inv-fix-status-filter-test-expects.md|Summary (D.E.K.N.)
2025-12-24||Complete|2025-12-24-inv-implement-agent-card-slide-out.md|Summary (D.E.K.N.)
2025-12-24||Complete|2025-12-24-inv-improve-active-agent-titles-show.md|Summary (D.E.K.N.)
2025-12-24||Complete|2025-12-24-inv-meta-orchestration-maturity-assessment.md|Summary (D.E.K.N.)
2025-12-24||Complete|2025-12-24-inv-orch-go-investigation-auto-switch.md|Summary (D.E.K.N.)
2025-12-24||Complete|2025-12-24-inv-replace-duplicate-active-recent-archive.md|Summary (D.E.K.N.)
2025-12-24||Complete|2025-12-24-inv-scope-porting-auth-features-orch.md|Summary (D.E.K.N.)
2025-12-24||Complete|2025-12-24-inv-test-concurrency-fix.md|Summary (D.E.K.N.)
2025-12-24||Complete|2025-12-24-inv-trace-each-principle-kb-principles.md|Summary (D.E.K.N.)
2025-12-24||Complete|2025-12-24-inv-what-orch-ecosystem-reflect-what.md|Summary (D.E.K.N.)
2025-12-24|audit|Complete|2025-12-24-inv-addendum-ecosystem-audit-opencode.md|Summary (D.E.K.N.)
2025-12-24|audit|Complete|2025-12-24-inv-follow-up-ecosystem-audit-orch.md|Summary (D.E.K.N.)
2025-12-24|audit|Complete|2025-12-24-inv-full-ecosystem-audit-scope-simplify.md|Summary (D.E.K.N.)
2025-12-24|beads|Complete|2025-12-24-inv-add-fallback-beads-close-reason.md|Summary (D.E.K.N.)
2025-12-24|beads|Complete|2025-12-24-inv-daemon-uses-bd-list-status.md|Summary (D.E.K.N.)
2025-12-24|daemon|Complete|2025-12-24-inv-daemon-autostart-race-condition-causing.md|Summary (D.E.K.N.)
2025-12-24|daemon|Complete|2025-12-24-inv-daemon-finds-triage-ready-issues.md|Summary (D.E.K.N.)
2025-12-24|daemon|Complete|2025-12-24-inv-daemon-selects-issues-triage-ready.md|Summary (D.E.K.N.)
2025-12-24|dashboard|Complete|2025-12-24-inv-add-beads-stats-dashboard-stats.md|Summary (D.E.K.N.)
2025-12-24|dashboard|Complete|2025-12-24-inv-add-focus-drift-indicator-dashboard.md|Summary (D.E.K.N.)
2025-12-24|dashboard|Complete|2025-12-24-inv-add-servers-status-panel-dashboard.md|Summary (D.E.K.N.)
2025-12-24|dashboard|Complete|2025-12-24-inv-dashboard-agent-detail-panel-live.md|Summary (D.E.K.N.)
2025-12-24|dashboard|Complete|2025-12-24-inv-dashboard-phase-badges-not-showing.md|Summary (D.E.K.N.)
2025-12-24|dashboard|Complete|2025-12-24-inv-design-dashboard-integrations-beyond-agents.md|Summary (D.E.K.N.)
2025-12-24|dashboard|Complete|2025-12-24-inv-fix-dashboard-show-account-name.md|Summary (D.E.K.N.)
2025-12-24|dashboard|Complete|2025-12-24-inv-implement-progressive-disclosure-swarm-dashboard.md|Summary (D.E.K.N.)
2025-12-24|design|Complete|2025-12-24-inv-design-agent-card-click-interaction.md|Summary (D.E.K.N.)
2025-12-24|knowledge|Complete|2025-12-24-inv-model-provider-architecture-orch-vs.md|Summary (D.E.K.N.)
2025-12-24|skill|Complete|2025-12-24-inv-orchestrator-skill-says-complete-agents.md|Summary (D.E.K.N.)
2025-12-24|spawn|Complete|2025-12-24-inv-explore-orch-send-vs-spawn.md|Summary (D.E.K.N.)
2025-12-24|spawn|Complete|2025-12-24-inv-test-spawn-24dec.md|Summary (D.E.K.N.)
2025-12-24|verification|Complete|2025-12-24-inv-fix-orch-clean-verify-opencode.md|Summary (D.E.K.N.)
2025-12-24|verification|Complete|2025-12-24-inv-investigate-emerging-pattern-how-would.md|Summary (D.E.K.N.)
2025-12-25||Complete|2025-12-25-debug-orch-review-shows-needs-review.md|Summary (D.E.K.N.)
2025-12-25||Complete|2025-12-25-inv-add-kb-context-token-limit.md|Summary (D.E.K.N.)
2025-12-25||Complete|2025-12-25-inv-add-nice-looking-tooltips-web.md|Summary (D.E.K.N.)
2025-12-25||Complete|2025-12-25-inv-add-timeout-handling-stuck-untracked.md|Summary (D.E.K.N.)
2025-12-25||Complete|2025-12-25-inv-agent-card-has-excess-whitespace.md|Summary (D.E.K.N.)
2025-12-25||Complete|2025-12-25-inv-gap-detection-layer.md|Summary (D.E.K.N.)
2025-12-25||Complete|2025-12-25-inv-investigation-file-naming-quality.md|Summary (D.E.K.N.)
2025-12-25||Complete|2025-12-25-inv-pressure-over-compensation-surfacing-mechanisms.md|Summary (D.E.K.N.)
2025-12-25||Complete|2025-12-25-inv-regression-agent-cards-jostling-first.md|Summary (D.E.K.N.)
2025-12-25||Complete|2025-12-25-inv-run-kb-reflect-across-all.md|Summary (D.E.K.N.)
2025-12-25||Complete|2025-12-25-inv-separate-orch-serve-status-orch.md|Summary (D.E.K.N.)
2025-12-25||Complete|2025-12-25-inv-should-orchestrator-have-visibility-into.md|Summary (D.E.K.N.)
2025-12-25||Complete|2025-12-25-inv-xyztotallynonexistenttopic.md|Summary (D.E.K.N.)
2025-12-25||In Progress|2025-12-25-inv-pattern-tool-relationship-shareability.md|Investigation: Pattern/Tool Relationship and Shareability
2025-12-25|beads|Complete|2025-12-25-inv-audit-all-19-bd-exec.md|Summary (D.E.K.N.)
2025-12-25|beads|Complete|2025-12-25-inv-beads-database-pollution-orch-go.md|Summary (D.E.K.N.)
2025-12-25|beads|Complete|2025-12-25-inv-design-beads-integration-strategy-orch.md|Summary (D.E.K.N.)
2025-12-25|beads|Complete|2025-12-25-inv-implement-pkg-beads-go-rpc.md|Summary (D.E.K.N.)
2025-12-25|beads|Complete|2025-12-25-inv-migrate-remaining-bd-exec-command.md|Summary (D.E.K.N.)
2025-12-25|daemon|Complete|2025-12-25-inv-add-daemon-completion-polling-close.md|Summary (D.E.K.N.)
2025-12-25|daemon|Complete|2025-12-25-inv-migrate-daemon-listreadyissues-use-new.md|Summary (D.E.K.N.)
2025-12-25|dashboard|Complete|2025-12-25-debug-agent-cards-dashboard-grow-shrink.md|Summary (D.E.K.N.)
2025-12-25|dashboard|Complete|2025-12-25-inv-add-load-test-dashboard-50.md|Summary (D.E.K.N.)
2025-12-25|dashboard|Complete|2025-12-25-inv-dashboard-add-project-filter-show.md|Summary (D.E.K.N.)
2025-12-25|dashboard|Complete|2025-12-25-inv-dashboard-agent-details-pane-redesign.md|Summary (D.E.K.N.)
2025-12-25|dashboard|Complete|2025-12-25-inv-dashboard-live-activity-should-above.md|Summary (D.E.K.N.)
2025-12-25|dashboard|Complete|2025-12-25-inv-fix-dashboard-completion-detection-untracked.md|Summary (D.E.K.N.)
2025-12-25|dashboard|Complete|2025-12-25-inv-fix-dashboard-each-key-duplicate.md|Summary (D.E.K.N.)
2025-12-25|design|Complete|2025-12-25-design-orchestrator-completion-lifecycle-two.md|Summary (D.E.K.N.)
2025-12-25|design|Complete|2025-12-25-inv-design-kb-ask-command-inline.md|Summary (D.E.K.N.)
2025-12-25|opencode|Complete|2025-12-25-inv-opencode-crashes-no-user-message.md|Summary (D.E.K.N.)
2025-12-25|skill|Complete|2025-12-25-design-should-we-evolve-skills-where.md|Summary (D.E.K.N.)
2025-12-25|skill|Complete|2025-12-25-inv-create-worker-base-skill-shared.md|Summary (D.E.K.N.)
2025-12-25|skill|Complete|2025-12-25-inv-enhance-kb-reflect-skill-propose.md|Summary (D.E.K.N.)
2025-12-25|skill|Complete|2025-12-25-inv-extend-skill-yaml-schema-spawn.md|Summary (D.E.K.N.)
2025-12-25|spawn|Complete|2025-12-25-inv-orchestrator-pre-spawn-context-gathering.md|Summary (D.E.K.N.)
2025-12-25|spawn|Complete|2025-12-25-inv-pre-spawn-phase-complete-check.md|Summary (D.E.K.N.)
2025-12-25|spawn|Complete|2025-12-25-inv-pre-spawn-token-estimation-prevent.md|Summary (D.E.K.N.)
2025-12-25|verification|Complete|2025-12-25-inv-enhance-orch-handoff-scaffold-gate.md|Summary (D.E.K.N.)
2025-12-25|verification|Complete|2025-12-25-inv-integrate-skillc-verify-into-orch.md|Summary (D.E.K.N.)
2025-12-25|verification|Complete|2025-12-25-inv-investigate-orchestration-lifecycle-end-end.md|Summary (D.E.K.N.)
2025-12-25|verification|Complete|2025-12-25-inv-investigate-question-asking-process-strategic.md|Summary (D.E.K.N.)
2025-12-25|verification|Complete|2025-12-25-inv-migrate-verify-getcomments-getcommentsbatch-use.md|Summary (D.E.K.N.)
2025-12-25|verification|Complete|2025-12-25-inv-verify-gap-detection-wired-into.md|Summary (D.E.K.N.)
2025-12-26||Complete|2025-12-26-inv-add-api-errors-endpoint-error.md|Summary (D.E.K.N.)
2025-12-26||Complete|2025-12-26-inv-add-config-setting-disable-desktop.md|Investigation: Add Config Setting to Disable Desktop Notifications
2025-12-26||Complete|2025-12-26-inv-add-orch-clean-phantoms-cleanup.md|Summary (D.E.K.N.)
2025-12-26||Complete|2025-12-26-inv-add-orch-doctor-command-check.md|Summary (D.E.K.N.)
2025-12-26||Complete|2025-12-26-inv-add-outputs-required-artifact-producing.md|Summary (D.E.K.N.)
2025-12-26||Complete|2025-12-26-inv-add-review-state-tracking-workspace.md|Summary (D.E.K.N.)
2025-12-26||Complete|2025-12-26-inv-api-endpoint-api-agents-hangs.md|Summary (D.E.K.N.)
2025-12-26||Complete|2025-12-26-inv-auto-detect-cli-commands-needing.md|Summary (D.E.K.N.)
2025-12-26||Complete|2025-12-26-inv-auto-detect-new-cli-commands.md|Summary (D.E.K.N.)
2025-12-26||Complete|2025-12-26-inv-can-we-auto-refresh-opencode.md|Summary (D.E.K.N.)
2025-12-26||Complete|2025-12-26-inv-child-id-patterns-dot-notation.md|Summary (D.E.K.N.)
2025-12-26||Complete|2025-12-26-inv-evaluate-building-api-proxy-layer.md|Summary (D.E.K.N.)
2025-12-26||Complete|2025-12-26-inv-evaluate-snap-cli-integration-visual.md|Summary (D.E.K.N.)
2025-12-26||Complete|2025-12-26-inv-evaluate-whether-web-markdown-mcp.md|Summary (D.E.K.N.)
2025-12-26||Complete|2025-12-26-inv-feature-impl-agents-not-producing.md|Summary (D.E.K.N.)
2025-12-26||Complete|2025-12-26-inv-kb-not-version-controlled.md|Summary (D.E.K.N.)
2025-12-26||Complete|2025-12-26-inv-oauth-refresh-token-invalidation-root.md|Summary (D.E.K.N.)
2025-12-26||Complete|2025-12-26-inv-port-full-opencode-theme-system.md|Summary (D.E.K.N.)
2025-12-26||Complete|2025-12-26-inv-principle-refinement-detection-surface-kn.md|Summary (D.E.K.N.)
2025-12-26||Complete|2025-12-26-inv-rewrite-url-markdown-as-go.md|Summary (D.E.K.N.)
2025-12-26||Complete|2025-12-26-inv-session-end-workflow-orchestrators.md|Summary (D.E.K.N.)
2025-12-26||Complete|2025-12-26-inv-shared-browser-experience-orch-ecosystem.md|Summary (D.E.K.N.)
2025-12-26||Complete|2025-12-26-inv-standardize-binary-installation-location-across.md|Summary (D.E.K.N.)
2025-12-26||Complete|2025-12-26-inv-surface-before-circumvent-add-mechanism.md|Summary (D.E.K.N.)
2025-12-26||Complete|2025-12-26-inv-track-fix-attempts-issues-surface.md|Summary (D.E.K.N.)
2025-12-26||Complete|2025-12-26-inv-ui-intent-clarification-force-specificity.md|Summary (D.E.K.N.)
2025-12-26|beads|Complete|2025-12-26-inv-bd-show-json-parsing-fails.md|Summary (D.E.K.N.)
2025-12-26|beads|Complete|2025-12-26-inv-bd-show-json-returns-array.md|Summary (D.E.K.N.)
2025-12-26|beads|Complete|2025-12-26-inv-implement-pkg-beads-rpc-client.md|Summary (D.E.K.N.)
2025-12-26|beads|Complete|2025-12-26-inv-spawn-context-includes-invalid-beads.md|Summary (D.E.K.N.)
2025-12-26|daemon|Complete|2025-12-26-debug-daemon-capacity-stale-after-complete.md|Summary (D.E.K.N.)
2025-12-26|daemon|Complete|2025-12-26-inv-daemon-capacity-count-goes-stale.md|Summary (D.E.K.N.)
2025-12-26|daemon|Complete|2025-12-26-inv-daemon-capacity-count-stale-after.md|Summary (D.E.K.N.)
2025-12-26|daemon|Complete|2025-12-26-inv-daemon-capacity-count-stuck-while.md|Summary (D.E.K.N.)
2025-12-26|daemon|Complete|2025-12-26-inv-daemon-needs-restart-after-make.md|Summary (D.E.K.N.)
2025-12-26|daemon|Complete|2025-12-26-inv-daemon-writes-status-file-each.md|Summary (D.E.K.N.)
2025-12-26|daemon|Complete|2025-12-26-inv-document-daemon-launchd-setup-orchestrator.md|Summary (D.E.K.N.)
2025-12-26|dashboard|Complete|2025-12-26-design-web-dashboard-daemon-visibility.md|Summary (D.E.K.N.)
2025-12-26|dashboard|Complete|2025-12-26-inv-dashboard-active-section-not-showing.md|Summary (D.E.K.N.)
2025-12-26|dashboard|Complete|2025-12-26-inv-dashboard-add-theme-selection-system.md|Summary (D.E.K.N.)
2025-12-26|dashboard|Complete|2025-12-26-inv-dashboard-agent-cards-rapidly-jostling.md|Summary (D.E.K.N.)
2025-12-26|dashboard|Complete|2025-12-26-inv-dashboard-pulsing-gold-border-persists.md|Summary (D.E.K.N.)
2025-12-26|dashboard|Complete|2025-12-26-inv-dashboard-queue-visibility-stats-bar.md|Summary (D.E.K.N.)
2025-12-26|design|Complete|2025-12-26-design-how-better-surface-ready-queue.md|Design: How to Better Surface Ready Queue Items Nearing Front of Queue
2025-12-26|design|Complete|2025-12-26-design-multi-project-orchestration-architecture.md|Design: Multi-Project Orchestration Architecture
2025-12-26|design|Complete|2025-12-26-design-review-url-markdown-architecture-before.md|Summary (D.E.K.N.)
2025-12-26|design|Complete|2025-12-26-design-two-infrastructure-failures-revealed-missing.md|Summary (D.E.K.N.)
2025-12-26|opencode|Complete|2025-12-26-inv-opencode-health-endpoint-returns-redirected.md|Summary (D.E.K.N.)
2025-12-26|opencode|Complete|2025-12-26-inv-opencode-theme-selection-system.md|Investigation: OpenCode Theme Selection System
2025-12-26|spawn|Complete|2025-12-26-inv-orch-spawn-remove-fake-interactive.md|Summary (D.E.K.N.)
2025-12-26|spawn|Complete|2025-12-26-inv-stale-progress-status-blocks-respawn.md|Summary (D.E.K.N.)
2025-12-26|spawn|Complete|2025-12-26-inv-test-orch-spawn-context.md|Summary (D.E.K.N.)
2025-12-26|spawn|Complete|2025-12-26-inv-test-spawn-context.md|Summary (D.E.K.N.)
2025-12-26|synthesis|Complete|2025-12-26-design-synthesis-review-workflow.md|Summary (D.E.K.N.)
2025-12-26|synthesis|Complete|2025-12-26-inv-synthesis-review-view-parse-synthesis.md|Summary (D.E.K.N.)
2025-12-26|verification|Complete|2025-12-26-inv-investigate-opencode-session-accumulation-causing.md|Summary (D.E.K.N.)
2025-12-26|verification|Complete|2025-12-26-inv-investigate-untracked-agents-lingering-orch.md|Summary (D.E.K.N.)
2025-12-27||Complete|2025-12-27-inv-action-logging-subsystem-tool-outcomes.md|Summary (D.E.K.N.)
2025-12-27||Complete|2025-12-27-inv-add-triage-batch-workflow-section.md|Summary (D.E.K.N.)
2025-12-27||Complete|2025-12-27-inv-api-agents-endpoint-takes-19s.md|Summary (D.E.K.N.)
2025-12-27||Complete|2025-12-27-inv-capacity-utilization-workflow-orchestrator-proactively.md|Summary (D.E.K.N.)
2025-12-27||Complete|2025-12-27-inv-debug-pending-reviews-shows-recommendation-fields.md|Summary (D.E.K.N.)
2025-12-27||Complete|2025-12-27-inv-dismiss-button-light-tier-pending.md|Summary (D.E.K.N.)
2025-12-27||Complete|2025-12-27-inv-document-orch-patterns-command-orchestrator.md|Summary (D.E.K.N.)
2025-12-27||Complete|2025-12-27-inv-fix-3s-hydration-delay-swarm.md|Summary (D.E.K.N.)
2025-12-27||Complete|2025-12-27-inv-orchestrator-self-correction-mechanisms-problem.md|Summary (D.E.K.N.)
2025-12-27||Complete|2025-12-27-inv-pattern-analyzer-repeated-behavioral-failures.md|Summary (D.E.K.N.)
2025-12-27||Complete|2025-12-27-inv-playwright-mcp-performance-analysis-time.md|Summary (D.E.K.N.)
2025-12-27||Complete|2025-12-27-inv-user-describes-symptoms-technical-terms.md|Summary (D.E.K.N.)
2025-12-27|dashboard|Complete|2025-12-27-inv-dashboard-mode-toggle-updates-store.md|Summary (D.E.K.N.)
2025-12-27|dashboard|Complete|2025-12-27-inv-dashboard-two-modes-operational-default.md|Summary (D.E.K.N.)
2025-12-27|dashboard|Complete|2025-12-27-inv-post-mortem-two-mode-dashboard.md|Summary (D.E.K.N.)
2025-12-27|design|Complete|2025-12-27-design-action-batching-layer-playwright.md|Design: Action Batching Layer for Playwright MCP
2025-12-27|knowledge|Complete|2025-12-27-inv-completion-escalation-model-completed-agents.md|Summary (D.E.K.N.)
2025-12-27|skill|Complete|2025-12-27-inv-add-skill-change-taxonomy-decision.md|Summary (D.E.K.N.)
2025-12-27|skill|Complete|2025-12-27-inv-skill-change-taxonomy.md|Summary (D.E.K.N.)
2025-12-27|verification|Complete|2025-12-27-inv-design-ui-validation-gate-system.md|Summary (D.E.K.N.)
2025-12-30||Complete|2025-12-30-inv-orch-review-hangs-stdin-not.md|Summary (D.E.K.N.)
2026-01-02|spawn|Complete|2026-01-02-inv-orch-session-status-reconcile-spawn.md|Summary (D.E.K.N.)
2026-01-02|spawn|Complete|2026-01-02-inv-test-spawn-works.md|Summary (D.E.K.N.)
2026-01-02|verification|Complete|2026-01-02-debug-visual-verification-scope.md|Summary (D.E.K.N.)
2026-01-03||Complete|2026-01-03-inv-add-api-changelog-endpoint-orch.md|Summary (D.E.K.N.)
2026-01-03||Complete|2026-01-03-inv-add-tests-pkg-sessions-deprecate.md|Summary (D.E.K.N.)
2026-01-03||Complete|2026-01-03-inv-agents-going-idle-without-phase.md|Summary (D.E.K.N.)
2026-01-03||Complete|2026-01-03-inv-agents-report-phase-complete-via.md|Summary (D.E.K.N.)
2026-01-03||Complete|2026-01-03-inv-analyze-commits-between-fb0af37f-dec.md|Summary (D.E.K.N.)
2026-01-03||Complete|2026-01-03-inv-apply-pre-commit-hook-whitelist.md|Summary (D.E.K.N.)
2026-01-03||Complete|2026-01-03-inv-debug-pre-commit-hook-interactive-enter.md|Summary (D.E.K.N.)
2026-01-03||Complete|2026-01-03-inv-detect-agents-exhausting-context-uncommitted.md|Summary (D.E.K.N.)
2026-01-03||Complete|2026-01-03-inv-document-changelog-pattern-ecosystem-expansion.md|Summary (D.E.K.N.)
2026-01-03||Complete|2026-01-03-inv-empty-investigation-templates-agents-dying.md|Summary (D.E.K.N.)
2026-01-03||Complete|2026-01-03-inv-fix-launchd-server-management-add.md|Summary (D.E.K.N.)
2026-01-03||Complete|2026-01-03-inv-getissuesbatch-receives-short-ids.md|Summary (D.E.K.N.)
2026-01-03||Complete|2026-01-03-inv-harden-flaky-time-based-tests.md|Summary (D.E.K.N.)
2026-01-03||Complete|2026-01-03-inv-integrate-changelog-detection-into-orch.md|Summary (D.E.K.N.)
2026-01-03||Complete|2026-01-03-inv-map-main-go-command-dependencies.md|Summary (D.E.K.N.)
2026-01-03||Complete|2026-01-03-inv-map-serve-go-api-handler.md|Summary (D.E.K.N.)
2026-01-03||Complete|2026-01-03-inv-orch-go-investigation-mcp-vs.md|Summary (D.E.K.N.)
2026-01-03||Complete|2026-01-03-inv-recover-priority-bug-fixes-closed.md|Summary (D.E.K.N.)
2026-01-03||Complete|2026-01-03-inv-recover-priority-cli-commands-reconcile.md|Summary (D.E.K.N.)
2026-01-03||Complete|2026-01-03-inv-recover-priority-infrastructure-pkg-shell.md|Summary (D.E.K.N.)
2026-01-03||Complete|2026-01-03-inv-structured-logging-orch-go-808.md|Summary (D.E.K.N.)
2026-01-03|audit|Complete|2026-01-03-audit-comprehensive-orch-go-bugs-reliability-architecture.md|Summary (D.E.K.N.)
2026-01-03|beads|Complete|2026-01-03-inv-fix-short-beads-id-resolution.md|Summary (D.E.K.N.)
2026-01-03|beads|Complete|2026-01-03-inv-recover-priority-beads-deduplication-abstraction.md|Summary (D.E.K.N.)
2026-01-03|dashboard|Complete|2026-01-03-inv-dashboard-port-confusion-orch-serve.md|Summary (D.E.K.N.)
2026-01-03|design|Complete|2026-01-03-inv-server-management-architecture-confusion-tmuxinator.md|Summary (D.E.K.N.)
2026-01-03|spawn|Complete|2026-01-03-inv-add-reproduction-section-spawn-context.md|Summary (D.E.K.N.)
2026-01-03|spawn|Complete|2026-01-03-inv-test-spawned-agents-complete-work.md|Summary (D.E.K.N.)
2026-01-03|verification|Complete|2026-01-03-debug-skip-test-evidence-gate-markdown.md|Summary (D.E.K.N.)
2026-01-03|verification|Complete|2026-01-03-inv-gate-orch-spawn-issue-beads.md|Summary (D.E.K.N.)
2026-01-03|verification|Complete|2026-01-03-inv-recover-priority-verification-gates-git.md|Summary (D.E.K.N.)
2026-01-03|verification|Complete|2026-01-03-inv-test-verify-daemon-skip-functionality.md|Summary (D.E.K.N.)
2026-01-03|verification|Complete|2026-01-03-inv-verify-launchd-documentation.md|Summary (D.E.K.N.)
2026-01-03|verification|Complete|2026-01-03-inv-visual-verification-checks-project-git.md|Summary (D.E.K.N.)
2026-01-04||Complete|2026-01-04-inv-add-hotspot-warnings-orch-daemon.md|Summary (D.E.K.N.)
2026-01-04||Complete|2026-01-04-inv-cmd-orch-main-go-49.md|Summary (D.E.K.N.)
2026-01-04||Complete|2026-01-04-inv-implement-orch-hotspot-cli-command.md|Summary (D.E.K.N.)
2026-01-04||Complete|2026-01-04-inv-integrate-hotspot-detection-into-orch.md|Summary (D.E.K.N.)
2026-01-04||Complete|2026-01-04-inv-orch-features-json-exist-tracking.md|Summary (D.E.K.N.)
2026-01-04||Complete|2026-01-04-inv-orch-go-built-designed-feature.md|Summary (D.E.K.N.)
2026-01-04||Complete|2026-01-04-inv-phase-consolidate-agent-status-model.md|Summary (D.E.K.N.)
2026-01-04||Complete|2026-01-04-inv-phase-orchestrator-context-md-template.md|Summary (D.E.K.N.)
2026-01-04||Complete|2026-01-04-inv-say-hello-exit-immediately.md|Summary (D.E.K.N.)
2026-01-04||Complete|2026-01-04-inv-test-hotspot-warning-cmd-orch.md|Summary (D.E.K.N.)
2026-01-04||Complete|2026-01-04-inv-untracked-agents-cleanup-path-problem.md|Summary (D.E.K.N.)
2026-01-04|daemon|Complete|2026-01-04-debug-daemon-show-rejection-reasons-preview.md|Summary (D.E.K.N.)
2026-01-04|dashboard|Complete|2026-01-04-design-dashboard-agent-status-model.md|Summary (D.E.K.N.)
2026-01-04|dashboard|Complete|2026-01-04-inv-analyze-dashboard-ui-hotspots-page.md|Summary (D.E.K.N.)
2026-01-04|dashboard|Complete|2026-01-04-inv-dashboard-api-returns-null-beadsid.md|Summary (D.E.K.N.)
2026-01-04|dashboard|Complete|2026-01-04-inv-design-analyze-dashboard-ui-structure.md|Summary (D.E.K.N.)
2026-01-04|design|Complete|2026-01-04-design-meta-orchestrator-architecture-spawnable-orchestrator.md|Summary (D.E.K.N.)
2026-01-04|design|Complete|2026-01-04-design-meta-orchestrator-role-definition.md|Summary (D.E.K.N.)
2026-01-04|design|Complete|2026-01-04-design-patch-density-architect-escalation.md|Summary (D.E.K.N.)
2026-01-04|design|Complete|2026-01-04-design-too-many-knowledge-artifact-types.md|Summary (D.E.K.N.)
2026-01-04|design|Complete|2026-01-04-inv-design-analyze-pkg-daemon-daemon.md|Summary (D.E.K.N.)
2026-01-04|knowledge|Complete|2026-01-04-inv-implement-priority-cascade-model-dashboard.md|Summary (D.E.K.N.)
2026-01-04|skill|Complete|2026-01-04-design-orchestrator-skill-spawnable-agent-gap.md|Summary (D.E.K.N.)
2026-01-04|skill|Complete|2026-01-04-inv-phase-skill-type-detection-spawn.md|Summary (D.E.K.N.)
2026-01-04|spawn|Complete|2026-01-04-inv-meta-orchestrator-level-collapse-spawned.md|Summary (D.E.K.N.)
2026-01-04|spawn|Complete|2026-01-04-inv-test-spawnable-orchestrator-infrastructure.md|Summary (D.E.K.N.)
2026-01-04|spawn|Complete|2026-01-04-inv-test-spawnable-orchestrator-tmux-default.md|Summary (D.E.K.N.)
2026-01-04|spawn|Synthesizing|2026-01-04-inv-spawnable-orchestrator-sessions-infrastructure-changes.md|Summary (D.E.K.N.)
2026-01-04|verification|Complete|2026-01-04-inv-design-analyze-pkg-verify-check.md|Summary (D.E.K.N.)
2026-01-04|verification|Complete|2026-01-04-inv-test-liveness-gate-fix-report.md|Summary (D.E.K.N.)
2026-01-05||Complete|2026-01-05-debug-fix-orch-status-showing-different.md|Summary (D.E.K.N.)
2026-01-05||Complete|2026-01-05-debug-orch-complete-fails-orchestrator-sessions.md|Summary (D.E.K.N.)
2026-01-05||Complete|2026-01-05-debug-orchestrator-workspace-name-collision-bug.md|Summary (D.E.K.N.)
2026-01-05||Complete|2026-01-05-inv-document-decision-authority-criteria-agents.md|Summary (D.E.K.N.)
2026-01-05||Complete|2026-01-05-inv-feat-035-session-registry-orchestrator.md|Summary (D.E.K.N.)
2026-01-05||Complete|2026-01-05-inv-feat-038-unregister-orchestrator-sessions.md|Summary (D.E.K.N.)
2026-01-05||Complete|2026-01-05-inv-fix-orchestrator-context-md-contradiction.md|Summary (D.E.K.N.)
2026-01-05||Complete|2026-01-05-inv-orchestrator-worker-bidirectional-communication-interaction.md|Summary (D.E.K.N.)
2026-01-05||Complete|2026-01-05-inv-orchestrator-workspaces-clear-visual-distinction.md|Summary (D.E.K.N.)
2026-01-05||Complete|2026-01-05-inv-pending-reviews-api-times-out.md|Summary (D.E.K.N.)
2026-01-05|beads|Complete|2026-01-05-inv-fix-beads-type-field-showing.md|Summary (D.E.K.N.)
2026-01-05|dashboard|Complete|2026-01-05-design-review-dashboard-architecture-request-handling.md|Summary (D.E.K.N.)
2026-01-05|dashboard|Complete|2026-01-05-inv-dashboard-connection-pool-exhaustion-sse.md|Summary (D.E.K.N.)
2026-01-05|dashboard|Complete|2026-01-05-inv-dashboard-visibility-orchestrator-sessions-orch.md|Summary (D.E.K.N.)
2026-01-05|dashboard|Complete|2026-01-05-inv-fix-dashboard-connection-pool-exhaustion.md|Summary (D.E.K.N.)
2026-01-05|dashboard|Complete|2026-01-05-inv-fix-dashboard-excessive-agents-fetch.md|Summary (D.E.K.N.)
2026-01-05|design|Complete|2026-01-05-design-permanent-fix-http-connection-pool.md|Summary (D.E.K.N.)
2026-01-05|design|Complete|2026-01-05-inv-design-orchestrator-session-lifecycle-without.md|Summary (D.E.K.N.)
2026-01-05|skill|Complete|2026-01-05-design-claude-design-skill-evaluation.md|Summary (D.E.K.N.)
2026-01-05|skill|Complete|2026-01-05-inv-design-principles-skill-integration-skill.md|Summary (D.E.K.N.)
2026-01-05|skill|Complete|2026-01-05-inv-update-meta-orchestrator-skill-session.md|Summary (D.E.K.N.)
2026-01-05|spawn|Complete|2026-01-05-debug-orch-spawn-workdir-flag-not.md|Summary (D.E.K.N.)
2026-01-06||Complete|2026-01-06-debug-meta-orch-resume-find-prior.md|Summary (D.E.K.N.)
2026-01-06||Complete|2026-01-06-inv-add-orch-attach-workspace-command.md|Summary (D.E.K.N.)
2026-01-06||Complete|2026-01-06-inv-add-orch-doctor-sessions-workspace.md|Summary (D.E.K.N.)
2026-01-06||Complete|2026-01-06-inv-add-periodic-kb-reflect-daemon.md|Summary (D.E.K.N.)
2026-01-06||Complete|2026-01-06-inv-cannot-query-opencode-sessions-other.md|Summary (D.E.K.N.)
2026-01-06||Complete|2026-01-06-inv-create-investigationtab-component-part-orch.md|Summary (D.E.K.N.)
2026-01-06||Complete|2026-01-06-inv-create-tab-navigation-infrastructure-part.md|Summary (D.E.K.N.)
2026-01-06||Complete|2026-01-06-inv-define-workspace-cleanup-strategy-context.md|Summary (D.E.K.N.)
2026-01-06||Complete|2026-01-06-inv-detect-orchestrator-frame-collapse-doing.md|Summary (D.E.K.N.)
2026-01-06||Complete|2026-01-06-inv-diagnose-overall-66-completion-rate.md|Summary (D.E.K.N.)
2026-01-06||Complete|2026-01-06-inv-extend-orch-resume-work-workspace.md|Summary (D.E.K.N.)
2026-01-06||Complete|2026-01-06-inv-fix-findrecentsession-match-directory-time.md|Summary (D.E.K.N.)
2026-01-06||Complete|2026-01-06-inv-fix-testbuildopencodeattachcommand-test-expects-attach.md|Summary (D.E.K.N.)
2026-01-06||Complete|2026-01-06-inv-implement-opencode-session-cleanup-mechanism.md|Summary (D.E.K.N.)
2026-01-06||Complete|2026-01-06-inv-integrate-tab-components-into-agent.md|Summary (D.E.K.N.)
2026-01-06||Complete|2026-01-06-inv-interactive-orchestrator-sessions-don-create.md|Summary (D.E.K.N.)
2026-01-06||Complete|2026-01-06-inv-orch-abandon-doesn-remove-agents.md|Summary (D.E.K.N.)
2026-01-06||Complete|2026-01-06-inv-orch-go-investigation-orch-review.md|Summary (D.E.K.N.)
2026-01-06||Complete|2026-01-06-inv-orch-status-shows-completed-agents.md|Summary (D.E.K.N.)
2026-01-06||Complete|2026-01-06-inv-orchestrator-sessions-checkpoint-discipline-max.md|Summary (D.E.K.N.)
2026-01-06||Complete|2026-01-06-inv-registry-population-issues-orch-status.md|Summary (D.E.K.N.)
2026-01-06||Complete|2026-01-06-inv-session-registry-doesnt-update-orchestrator.md|Summary (D.E.K.N.)
2026-01-06||Complete|2026-01-06-inv-source-truth-investigation-file-creation.md|Summary (D.E.K.N.)
2026-01-06|beads|Complete|2026-01-06-inv-synthesize-beads-investigations-17-synthesis.md|Summary (D.E.K.N.)
2026-01-06|daemon|Complete|2026-01-06-inv-automated-reflection-daemon-kb-reflect.md|Summary (D.E.K.N.)
2026-01-06|daemon|Complete|2026-01-06-inv-daemon-auto-complete-agents-report.md|Summary (D.E.K.N.)
2026-01-06|daemon|Complete|2026-01-06-inv-daemon-blocks-child-tasks-parent.md|Summary (D.E.K.N.)
2026-01-06|daemon|Complete|2026-01-06-inv-daemon-doesn-see-issues-newly.md|Summary (D.E.K.N.)
2026-01-06|daemon|Complete|2026-01-06-inv-http-tls-daemon-server-upgrade.md|Summary (D.E.K.N.)
2026-01-06|dashboard|Complete|2026-01-06-design-dashboard-investigation-tab-render-investigation.md|Summary (D.E.K.N.)
2026-01-06|dashboard|Complete|2026-01-06-inv-dashboard-api-slow-again-623.md|Summary (D.E.K.N.)
2026-01-06|dashboard|Complete|2026-01-06-inv-dashboard-auto-discover-investigation-synthesis.md|Summary (D.E.K.N.)
2026-01-06|dashboard|Complete|2026-01-06-inv-dashboard-distinguish-completed-agents-active.md|Summary (D.E.K.N.)
2026-01-06|dashboard|Complete|2026-01-06-inv-dashboard-long-outcome-text-overflows.md|Summary (D.E.K.N.)
2026-01-06|dashboard|Complete|2026-01-06-inv-dashboard-playwright-tests-run-headless.md|Summary (D.E.K.N.)
2026-01-06|dashboard|Complete|2026-01-06-inv-orch-go-hmj61-dashboard-agent.md|Summary (D.E.K.N.)
2026-01-06|dashboard|Complete|2026-01-06-inv-synthesize-dashboard-investigations-39-synthesis.md|Summary (D.E.K.N.)
2026-01-06|design|complete|2026-01-06-inv-workspace-session-architecture.md|Investigation: Workspace, Session, and Resumption Architecture
2026-01-06|knowledge|Complete|2026-01-06-inv-synthesize-model-investigations-10-synthesis.md|Summary (D.E.K.N.)
2026-01-06|skill|Complete|2026-01-06-inv-diagnose-investigation-skill-29-completion.md|Summary (D.E.K.N.)
2026-01-06|skill|Complete|2026-01-06-inv-diagnose-orchestrator-skill-18-completion.md|Summary (D.E.K.N.)
2026-01-06|skill|Complete|2026-01-06-inv-skillc-deploy-structure-mismatch-meta.md|Summary (D.E.K.N.)
2026-01-06|skill|Complete|2026-01-06-inv-synthesize-skill-investigations-15-synthesis.md|Summary (D.E.K.N.)
2026-01-06|skill|Investigating|2026-01-06-inv-diagnose-investigation-skill-32-completion.md|Summary (D.E.K.N.)
2026-01-06|spawn|Blocked|2026-01-06-inv-orchestrator-sessions-spawned-via-tmux.md|Summary (D.E.K.N.)
2026-01-06|spawn|Complete|2026-01-06-inv-add-friction-orch-spawn-require.md|Summary (D.E.K.N.)
2026-01-06|spawn|Complete|2026-01-06-inv-daemon-spawns-duplicate-agents-same.md|Summary (D.E.K.N.)
2026-01-06|spawn|Complete|2026-01-06-inv-proactive-rate-limit-monitoring-spawn.md|Summary (D.E.K.N.)
2026-01-06|synthesis|Complete|2026-01-06-inv-synthesize-agent-investigations-17-synthesis.md|Summary (D.E.K.N.)
2026-01-06|synthesis|Complete|2026-01-06-inv-synthesize-api-investigations-11-synthesis.md|Summary (D.E.K.N.)
2026-01-06|synthesis|Complete|2026-01-06-inv-synthesize-cli-investigations-16-synthesis.md|Summary (D.E.K.N.)
2026-01-06|synthesis|Complete|2026-01-06-inv-synthesize-headless-investigations-15-synthesis.md|Summary (D.E.K.N.)
2026-01-06|synthesis|Complete|2026-01-06-inv-synthesize-opencode-investigations-16-synthesis.md|Summary (D.E.K.N.)
2026-01-06|synthesis|Complete|2026-01-06-inv-synthesize-orchestrator-investigations-28-synthesis.md|Summary (D.E.K.N.)
2026-01-06|synthesis|Complete|2026-01-06-inv-synthesize-spawn-investigations-36-synthesis.md|Summary (D.E.K.N.)
2026-01-06|verification|Complete|2026-01-06-inv-investigate-interactive-orchestrators-compensation-pattern.md|Summary (D.E.K.N.)
2026-01-07||Complete|2026-01-07-inv-add-infrastructure-health-section-orch.md|Summary (D.E.K.N.)
2026-01-07||Complete|2026-01-07-inv-add-principles-quick-reference-orchestrator.md|Summary (D.E.K.N.)
2026-01-07||Complete|2026-01-07-inv-add-semantic-pattern-matching-gap.md|Summary (D.E.K.N.)
2026-01-07||Complete|2026-01-07-inv-address-340-active-workspaces-completion.md|Summary (D.E.K.N.)
2026-01-07||Complete|2026-01-07-inv-feature-orch-abandon-export-session.md|Summary (D.E.K.N.)
2026-01-07||Complete|2026-01-07-inv-implement-kb-projects-integration-cross.md|Summary (D.E.K.N.)
2026-01-07||Complete|2026-01-07-inv-orch-reconcile-fix-doesn-actually.md|Summary (D.E.K.N.)
2026-01-07||Complete|2026-01-07-inv-orch-status-surface-drift-metrics.md|Summary (D.E.K.N.)
2026-01-07||Complete|2026-01-07-inv-registry-file-self-describing-header.md|Summary (D.E.K.N.)
2026-01-07||Complete|2026-01-07-inv-workers-attempting-restart-orch-servers.md|Summary (D.E.K.N.)
2026-01-07|audit|Complete|2026-01-07-inv-audit-recurring-gap-patterns-semantic.md|Summary (D.E.K.N.)
2026-01-07|audit|Complete|2026-01-07-inv-comprehensive-template-audit-canonical-sources.md|Summary (D.E.K.N.)
2026-01-07|audit|Complete|2026-01-07-inv-orch-ecosystem-artifact-audit-against.md|Summary (D.E.K.N.)
2026-01-07|beads|Complete|2026-01-07-design-bd-cli-slow-launchd-env.md|Summary (D.E.K.N.)
2026-01-07|beads|Complete|2026-01-07-inv-api-beads-endpoint-takes-5s.md|Summary (D.E.K.N.)
2026-01-07|beads|Complete|2026-01-07-inv-consider-auto-starting-beads-daemon.md|Summary (D.E.K.N.)
2026-01-07|dashboard|Complete|2026-01-07-design-dashboard-activity-feed-persistence.md|Summary (D.E.K.N.)
2026-01-07|dashboard|Complete|2026-01-07-inv-dashboard-agents-filter-session-directory.md|Summary (D.E.K.N.)
2026-01-07|dashboard|Complete|2026-01-07-inv-dashboard-api-agents-filters-applied-late.md|Summary (D.E.K.N.)
2026-01-07|dashboard|Complete|2026-01-07-inv-dashboard-api-agents-performance-synthesis.md|Summary (D.E.K.N.)
2026-01-07|dashboard|Complete|2026-01-07-inv-dashboard-beads-follow-orchestrator-tmux.md|Summary (D.E.K.N.)
2026-01-07|dashboard|Complete|2026-01-07-inv-dashboard-shows-usage-anthropic-api.md|Summary (D.E.K.N.)
2026-01-07|dashboard|Complete|2026-01-07-inv-fix-dashboard-show-older-agents.md|Summary (D.E.K.N.)
2026-01-07|dashboard|Complete|2026-01-07-inv-update-orchestrator-skill-add-dashboard.md|Summary (D.E.K.N.)
2026-01-07|design|Complete|2026-01-07-design-orch-clean-phantoms-performance-scanning.md|Summary (D.E.K.N.)
2026-01-07|design|Complete|2026-01-07-design-orch-stats-miscounts-orchestrator-meta.md|Summary (D.E.K.N.)
2026-01-07|design|Complete|2026-01-07-design-screenshot-artifact-storage-decision.md|Summary (D.E.K.N.)
2026-01-07|skill|Complete|2026-01-07-inv-update-core-skills-opencode-ask.md|Summary (D.E.K.N.)
2026-01-07|spawn|Complete|2026-01-07-inv-update-spawn-md-guide-10.md|Summary (D.E.K.N.)
2026-01-07|synthesis|Complete|2026-01-07-design-post-synthesis-investigation-archival.md|Summary (D.E.K.N.)
2026-01-07|synthesis|Complete|2026-01-07-design-recurring-problem-duplicate-synthesis-issues.md|Summary (D.E.K.N.)
2026-01-07|synthesis|Complete|2026-01-07-inv-fix-kb-ask-synthesis-grounding.md|Summary (D.E.K.N.)
2026-01-07|verification|Complete|2026-01-07-inv-gate-kb-reflect-surface-consolidation.md|Summary (D.E.K.N.)
2026-01-07|verification|Complete|2026-01-07-inv-investigate-60-manual-spawns-vs.md|Summary (D.E.K.N.)
2026-01-07|verification|Complete|2026-01-07-inv-investigate-registry-population-failures-root.md|Summary (D.E.K.N.)
2026-01-08||Complete|2026-01-08-inv-25-28-agents-not-completing.md|Summary (D.E.K.N.)
2026-01-08||Complete|2026-01-08-inv-add-agent-completed-event-emission.md|Summary (D.E.K.N.)
2026-01-08||Complete|2026-01-08-inv-bug-session-checkpoint-alert-miscalibrated.md|Summary (D.E.K.N.)
2026-01-08||Complete|2026-01-08-inv-bug-worker-agents-cause-tmux.md|Summary (D.E.K.N.)
2026-01-08||Complete|2026-01-08-inv-create-kb-guides-opencode-plugins.md|Summary (D.E.K.N.)
2026-01-08||Complete|2026-01-08-inv-debug-investigation-tab-shows-wrong.md|Summary (D.E.K.N.)
2026-01-08||Complete|2026-01-08-inv-display-tool-name-arguments-activity.md|Summary (D.E.K.N.)
2026-01-08||Complete|2026-01-08-inv-drift-prevention-auto-track-cli.md|Summary (D.E.K.N.)
2026-01-08||Complete|2026-01-08-inv-ensure-orch-ecosystem-repos-github.md|Summary (D.E.K.N.)
2026-01-08||Complete|2026-01-08-inv-fix-gettmuxcwd-active-window-instead.md|Summary (D.E.K.N.)
2026-01-08||Complete|2026-01-08-inv-fix-guarded-files-plugin-false.md|Summary (D.E.K.N.)
2026-01-08||Complete|2026-01-08-inv-kb-cli-fix-reflect-dedup.md|Summary (D.E.K.N.)
2026-01-08||Complete|2026-01-08-inv-restore-dead-agent-detection-surfacing.md|Summary (D.E.K.N.)
2026-01-08||Complete|2026-01-08-inv-test-opencode-plugin-event-reliability.md|Summary (D.E.K.N.)
2026-01-08|audit|Complete|2026-01-08-inv-audit-visual-go-same-since.md|Summary (D.E.K.N.)
2026-01-08|beads|Complete|2026-01-08-inv-handle-multiple-agents-same-beads.md|Summary (D.E.K.N.)
2026-01-08|dashboard|Complete|2026-01-08-inv-fix-dashboard-double-scrollbar-slide.md|Summary (D.E.K.N.)
2026-01-08|dashboard|Complete|2026-01-08-inv-synthesize-dashboard-investigations-55-synthesis.md|Summary (D.E.K.N.)
2026-01-08|dashboard|Complete|2026-01-08-inv-synthesize-dashboard-investigations-56-synthesis.md|Summary (D.E.K.N.)
2026-01-08|design|Complete|2026-01-08-inv-design-config-code-orch-ecosystem.md|Summary (D.E.K.N.)
2026-01-08|design|Complete|2026-01-08-inv-design-stalled-agent-detection-agents.md|Summary (D.E.K.N.)
2026-01-08|knowledge|Complete|2026-01-08-inv-design-data-model-load-bearing.md|Summary (D.E.K.N.)
2026-01-08|knowledge|Complete|2026-01-08-inv-synthesize-model-investigations-11-synthesis-triage.md|Summary (D.E.K.N.)
2026-01-08|knowledge|Complete|2026-01-08-inv-synthesize-model-investigations-11-synthesis-work.md|Summary (D.E.K.N.)
2026-01-08|knowledge|Complete|2026-01-08-inv-synthesize-model-investigations-11-synthesis.md|Summary (D.E.K.N.)
2026-01-08|knowledge|Complete|2026-01-08-inv-synthesize-model-investigations-fifth-spawn.md|Summary (D.E.K.N.)
2026-01-08|opencode|Complete|2026-01-08-inv-opencode-plugin-evidence-hierarchy-warn.md|Summary (D.E.K.N.)
2026-01-08|opencode|Complete|2026-01-08-inv-opencode-plugin-session-compaction-preservation.md|Summary (D.E.K.N.)
2026-01-08|opencode|Complete|2026-01-08-inv-opencode-plugin-surface-relevant-constraints.md|Summary (D.E.K.N.)
2026-01-08|synthesis|Complete|2026-01-08-inv-implement-kb-archive-synthesized-into.md|Summary (D.E.K.N.)
2026-01-08|synthesis|Complete|2026-01-08-inv-synthesize-api-investigations-13-synthesis.md|Summary (D.E.K.N.)
2026-01-08|synthesis|Complete|2026-01-08-inv-synthesize-cli-investigations-18-synthesis.md|Summary (D.E.K.N.)
2026-01-08|synthesis|Complete|2026-01-08-inv-synthesize-completion-investigations-10-synthesis.md|Summary (D.E.K.N.)
2026-01-08|synthesis|Complete|2026-01-08-inv-synthesize-headless-investigations-15-synthesis.md|Summary (D.E.K.N.)
2026-01-08|synthesis|Complete|2026-01-08-inv-synthesize-opencode-investigations-24-synthesis.md|Summary (D.E.K.N.)
2026-01-08|synthesis|Complete|2026-01-08-inv-synthesize-session-investigations-10-synthesis.md|Summary (D.E.K.N.)
2026-01-08|synthesis|Complete|2026-01-08-inv-synthesize-status-investigations-12-synthesis.md|Summary (D.E.K.N.)
2026-01-08|synthesis|Complete|2026-01-08-inv-synthesize-synthesis-investigations-26-synthesis.md|Summary (D.E.K.N.)
2026-01-08|verification|Complete|2026-01-08-inv-feature-add-screenshot-file-verification.md|Summary (D.E.K.N.)
2026-01-08|verification|Complete|2026-01-08-inv-investigate-opencode-plugin-capabilities-ecosystem.md|Summary (D.E.K.N.)
2026-01-08|verification|Complete|2026-01-08-inv-opus-auth-gate-fingerprinting.md|Summary (D.E.K.N.)
2026-01-08|verification|Complete|2026-01-08-inv-propagate-self-healing-binary-pattern.md|Summary (D.E.K.N.)
2026-01-08|verification|Complete|2026-01-08-inv-verification-risk-based-visual-verification.md|Summary (D.E.K.N.)
2026-01-09||Active|2026-01-09-inv-trust-calibration-meta-pattern.md|Investigation: Trust Calibration Meta-Pattern
2026-01-09||Complete|2026-01-09-inv-add-mode-field-registry-schema.md|Summary (D.E.K.N.)
2026-01-09||Complete|2026-01-09-inv-add-proactive-triage-workflow-orchestrators.md|Summary (D.E.K.N.)
2026-01-09||Complete|2026-01-09-inv-create-orchestrator-workspace-session-start.md|Summary (D.E.K.N.)
2026-01-09||Complete|2026-01-09-inv-deepseek-reasoner-orchestrator-evaluation.md|Summary (D.E.K.N.)
2026-01-09||Complete|2026-01-09-inv-overmind-vs-launchd-prototype.md|Investigation: Overmind vs launchd Prototype
2026-01-09||Complete|2026-01-09-inv-profile-find-command-performance-explore.md|Summary (D.E.K.N.)
2026-01-09||Complete|2026-01-09-inv-pw-oicj-ghost-agent-postmortem.md|Summary (D.E.K.N.)
2026-01-09||Complete|2026-01-09-inv-test-session-status-update-fix.md|Summary (D.E.K.N.)
2026-01-09||In Progress|2026-01-09-debug-gemini-flash-rate-limiting.md|Investigation: Gemini Flash Rate Limiting
2026-01-09||In Progress|2026-01-09-inv-anthropic-oauth-community-workarounds.md|Summary (D.E.K.N.)
2026-01-09||Investigating|2026-01-09-inv-explore-opencode-github-issue-7410.md|Summary (D.E.K.N.)
2026-01-09||Investigating|2026-01-09-inv-p0-implement-orch-doctor-health.md|Summary (D.E.K.N.)
2026-01-09|dashboard|Complete|2026-01-09-inv-bug-dashboard-config-panel-dropdownmenu.md|Summary (D.E.K.N.)
2026-01-09|dashboard|Complete|2026-01-09-inv-dashboard-add-approval-action-design.md|Summary (D.E.K.N.)
2026-01-09|dashboard|Complete|2026-01-09-inv-evaluate-dashboard-cache-ttls-30s.md|Summary (D.E.K.N.)
2026-01-09|dashboard|Design|2026-01-09-inv-phase-service-observability-dashboard-integration.md|Summary (D.E.K.N.)
2026-01-09|design|Complete|2026-01-09-inv-design-observability-infrastructure-overmind-docker.md|Summary (D.E.K.N.)
2026-01-09|knowledge|Complete|2026-01-09-inv-add-model-mode-auto-selection.md|Summary (D.E.K.N.)
2026-01-09|knowledge|Complete|2026-01-09-research-investigate-model-landscape-agent-tasks.md|Summary (D.E.K.N.)
2026-01-09|skill|Complete|2026-01-09-inv-create-ui-design-session-skill.md|Summary (D.E.K.N.)
2026-01-09|spawn|Complete|2026-01-09-inv-recovery-mode-spawn-system-failure.md|Summary (D.E.K.N.)
2026-01-09|spawn|Complete|2026-01-09-inv-test-claude-spawn-echo-hello.md|Summary (D.E.K.N.)
2026-01-09|spawn|Complete|2026-01-09-inv-test-dual-spawn-mode-implementation.md|Summary (D.E.K.N.)
2026-01-09|verification|Complete|2026-01-09-inv-add-test-first-gate-investigation.md|Summary (D.E.K.N.)
2026-01-09|verification|Complete|2026-01-09-inv-investigate-actual-failure-distribution-across.md|Summary (D.E.K.N.)
2026-01-09|verification|Complete|2026-01-09-inv-verification-test-opencode-run-attach.md|Summary (D.E.K.N.)
2026-01-10||Complete|2026-01-10-inv-add-tool-experience-prompts-orchestrator.md|Summary (D.E.K.N.)
2026-01-10||Complete|2026-01-10-inv-clean-up-mac-dev-environment.md|Summary (D.E.K.N.)
2026-01-10||Complete|2026-01-10-inv-implement-decision-review-triggers-after.md|Summary (D.E.K.N.)
2026-01-10||Complete|2026-01-10-inv-implement-orch-deploy-atomic-deployment.md|Summary (D.E.K.N.)
2026-01-10||Complete|2026-01-10-inv-implement-orch-logs-command-server.md|Summary (D.E.K.N.)
2026-01-10||Complete|2026-01-10-inv-p0-implement-orch-doctor-health.md|Summary (D.E.K.N.)
2026-01-10||Complete|2026-01-10-inv-p0-supervise-overmind-via-launchd.md|Summary (D.E.K.N.)
2026-01-10||Complete|2026-01-10-inv-phase-behavioral-variation-detection-extend.md|Summary (D.E.K.N.)
2026-01-10||Complete|2026-01-10-inv-phase-bidirectional-pattern-detection-dylan.md|Summary (D.E.K.N.)
2026-01-10||Complete|2026-01-10-inv-phase-coach-session-integration-mvp.md|Summary (D.E.K.N.)
2026-01-10||Complete|2026-01-10-inv-phase-cross-document-parsing-circular.md|Summary (D.E.K.N.)
2026-01-10||Complete|2026-01-10-inv-quick-test-default-port-orch.md|Summary (D.E.K.N.)
2026-01-10||Investigating|2026-01-10-inv-coach-session-pattern-monitoring.md|Summary (D.E.K.N.)
2026-01-10|dashboard|Complete|2026-01-10-inv-dashboard-supervision-circular-debugging.md|Investigation: Dashboard Supervision Circular Debugging
2026-01-10|dashboard|Complete|2026-01-10-inv-phase-service-observability-dashboard-integration.md|Summary (D.E.K.N.)
2026-01-10|knowledge|Complete|2026-01-10-inv-probe-1b-session-session-streaming.md|Summary (D.E.K.N.)
2026-01-10|knowledge|Complete|2026-01-10-inv-probe-pattern-retrospective-validate-detection.md|Summary (D.E.K.N.)
2026-01-10|knowledge|Complete|2026-01-10-inv-probe-technical-feasibility-plugins-access.md|Summary (D.E.K.N.)
2026-01-10|spawn|Complete|2026-01-10-inv-fix-dual-mode-spawn-bug.md|Summary (D.E.K.N.)
2026-01-10|verification|Complete|2026-01-10-inv-phase-2-completion-verification.md|Summary (D.E.K.N.)
2026-01-10|verification|Complete|2026-01-10-inv-trace-verification-bottleneck-story-system.md|Summary (D.E.K.N.)
2026-01-10|verification|Complete|2026-01-10-inv-verify-lagging-understanding-hypothesis-dec.md|Summary (D.E.K.N.)
2026-01-11||Complete|2026-01-11-inv-add-infrastructure-work-detection-auto.md|Summary (D.E.K.N.)
2026-01-11||Complete|2026-01-11-inv-implement-automatic-periodic-session-cleanup.md|Summary (D.E.K.N.)
2026-01-11||Complete|2026-01-11-inv-registry-abandonment-workflow-validate-simple.md|Summary (D.E.K.N.)
2026-01-11|design|Complete|2026-01-11-design-opencode-session-cleanup-mechanism.md|Summary (D.E.K.N.)
2026-01-11|design|Design complete, ready for implementation|2026-01-11-design-session-resume-protocol.md|Investigation: Session Resume Protocol Design
2026-01-12||Complete|2026-01-12-inv-sonnet-cost-tracking-requirements.md|Summary (D.E.K.N.)
2026-01-13||Complete|2026-01-13-inv-create-kb-guides-understanding-artifact.md|Summary (D.E.K.N.)
2026-01-13||Complete|2026-01-13-inv-implement-project-count-session-naming.md|Summary (D.E.K.N.)
2026-01-13||Complete|2026-01-13-inv-implement-session-resume-protocol-orch.md|Summary (D.E.K.N.)
2026-01-13||Complete|2026-01-13-inv-session-end-creates-empty-handoff.md|Summary (D.E.K.N.)
2026-01-13||Complete|2026-01-13-inv-systematically-validate-session-discovery-cross.md|Summary (D.E.K.N.)
2026-01-13||Complete|2026-01-13-inv-test-worker-naming.md|Summary (D.E.K.N.)
2026-01-13||Complete|2026-01-13-inv-update-session-resume-protocol-md.md|Summary (D.E.K.N.)
2026-01-13|design|Complete|2026-01-13-design-session-resume-discovery-failure.md|Summary (D.E.K.N.)
2026-01-13|design|Complete|2026-01-13-inv-analyze-orchestrator-session-management-architecture.md|Summary (D.E.K.N.)
2026-01-13|design|Complete|2026-01-13-inv-design-session-handoff-architecture.md|Summary (D.E.K.N.)
2026-01-13|research|Complete|2026-01-13-research-opencode-zen-black-architecture-economics.md|Summary (D.E.K.N.)
2026-01-13|skill|Complete|2026-01-13-inv-add-orchestrator-skill-decision-tree.md|Summary (D.E.K.N.)
2026-01-13|skill|Complete|2026-01-13-inv-update-orchestrator-skill-session-resume.md|Summary (D.E.K.N.)
2026-01-13|spawn|Complete|2026-01-13-inv-create-spawned-orchestrator-pattern-md.md|Summary (D.E.K.N.)
2026-01-13|synthesis|Complete|2026-01-13-inv-create-session-resume-guide-synthesize.md|Summary (D.E.K.N.)
2026-01-13|verification|Complete|2026-01-13-inv-opus-gate-latest-status-still.md|Summary (D.E.K.N.)
2026-01-14||Complete|2026-01-14-inv-add-investigation-promotion-check-orch.md|Summary (D.E.K.N.)
2026-01-14||Complete|2026-01-14-inv-bulk-triage-37-investigations-flagged.md|Summary (D.E.K.N.)
2026-01-14||Complete|2026-01-14-inv-compare-contrast-two-orchestrator-session.md|Summary (D.E.K.N.)
2026-01-14||Complete|2026-01-14-inv-detect-cross-repo-file-changes.md|Summary (D.E.K.N.)
2026-01-14||Complete|2026-01-14-inv-duration-aware-session-resume-filtering.md|Summary (D.E.K.N.)
2026-01-14||Complete|2026-01-14-inv-exempt-non-code-work-test.md|Summary (D.E.K.N.)
2026-01-14||Complete|2026-01-14-inv-feature-register-friction-guidance-links.md|Summary (D.E.K.N.)
2026-01-14||Complete|2026-01-14-inv-fix-orch-patterns-noise-fix.md|Summary (D.E.K.N.)
2026-01-14||Complete|2026-01-14-inv-fix-orch-session-end-archiving.md|Summary (D.E.K.N.)
2026-01-14||Complete|2026-01-14-inv-implement-session-end-validation-interactive.md|Summary (D.E.K.N.)
2026-01-14||Complete|2026-01-14-inv-implement-session-start-focus-guidance.md|Summary (D.E.K.N.)
2026-01-14||Complete|2026-01-14-inv-meta-failure-decision-documentation-gap.md|Summary (D.E.K.N.)
2026-01-14||Complete|2026-01-14-inv-migration-tag-existing-hard-won.md|Summary (D.E.K.N.)
2026-01-14||Complete|2026-01-14-inv-orch-session-end-creates-handoff.md|Summary (D.E.K.N.)
2026-01-14||Complete|2026-01-14-inv-orch-session-validate-standalone-command.md|Summary (D.E.K.N.)
2026-01-14||Complete|2026-01-14-inv-session-start-hook-loads-orch.md|Summary (D.E.K.N.)
2026-01-14||Complete|2026-01-14-inv-session-start-prompts-tldr-started.md|Summary (D.E.K.N.)
2026-01-14||Complete|2026-01-14-inv-track-escape-hatch-stats-impl.md|Summary (D.E.K.N.)
2026-01-14|dashboard|Complete|2026-01-14-inv-dashboard-follow-orchestrator-broken-implemented.md|Summary (D.E.K.N.)
2026-01-14|knowledge|Complete|2026-01-14-design-spawn-context-model-inclusion.md|Summary (D.E.K.N.)
2026-01-14|opencode|Complete|2026-01-14-inv-opencode-plugin-loader-crashes-fn3.md|Summary (D.E.K.N.)
2026-01-14|skill|Complete|2026-01-14-inv-feature-skillc-warns-load-bearing.md|Summary (D.E.K.N.)
2026-01-14|spawn|Implementing|2026-01-14-inv-track-escape-hatch-spawn-usage.md|Summary (D.E.K.N.)
2026-01-14|synthesis|Complete|2026-01-14-inv-infrastructure-root-cause-synthesis.md|Investigation: Infrastructure Root Cause Synthesis
2026-01-14|verification|Complete|2026-01-14-inv-add-verification-metrics-orch-stats.md|Summary (D.E.K.N.)
2026-01-14|verification|Complete|2026-01-14-inv-fix-git-diff-verification-false.md|Summary (D.E.K.N.)
2026-01-14|verification|Complete|2026-01-14-inv-implement-refactor-review-gate-skillc.md|Summary (D.E.K.N.)
2026-01-14|verification|Complete|2026-01-14-inv-implement-targeted-skip-gate-flags.md|Summary (D.E.K.N.)
2026-01-14|verification|Complete|2026-01-14-inv-orch-doctor-verify-dashboard-fetch.md|Summary (D.E.K.N.)
2026-01-15||Complete|2026-01-15-inv-add-comprehensive-orch-clean-all.md|Summary (D.E.K.N.)
2026-01-15||Complete|2026-01-15-inv-add-source-indicator-orch-status.md|Summary (D.E.K.N.)
2026-01-15||Complete|2026-01-15-inv-fix-tmux-socket-path-orch.md|Summary (D.E.K.N.)
2026-01-15||Complete|2026-01-15-inv-human-readable-timestamps-untracked-agent.md|Summary (D.E.K.N.)
2026-01-15||Complete|2026-01-15-inv-implement-session-level-dedup-prevent.md|Summary (D.E.K.N.)
2026-01-15||Complete|2026-01-15-inv-session-handoff-content-injected-into.md|Summary (D.E.K.N.)
2026-01-15|daemon|Complete|2026-01-15-inv-set-up-daemon-launchd-plist.md|Summary (D.E.K.N.)
2026-01-15|design|Complete|2026-01-15-inv-design-stuck-agent-recovery-mechanism.md|Summary (D.E.K.N.)
2026-01-15|knowledge|Complete|2026-01-15-inv-add-model-impact-section-session.md|Summary (D.E.K.N.)
2026-01-15|knowledge|Complete|2026-01-15-inv-update-model-template-md-explicit.md|Investigation: Update Model Template Md Explicit
2026-01-15|skill|Complete|2026-01-15-inv-orchestrator-skill-drift-audit.md|Investigation: Orchestrator Skill Drift Audit
2026-01-15|spawn|Complete|2026-01-15-inv-fix-orchestrator-spawn-bugs-spawn.md|Summary (D.E.K.N.)
2026-01-15|synthesis|Complete|2026-01-15-inv-synthesize-registry-investigations-11-synthesis.md|Summary (D.E.K.N.)
2026-01-15|verification|Complete|2026-01-15-inv-investigate-daemon-duplicate-spawn-issue.md|Summary (D.E.K.N.)
2026-01-15|verification|Complete|2026-01-15-inv-verify-test-first-gate-duplicate-spawn-5.md|Summary (D.E.K.N.)
2026-01-15|verification|Complete|2026-01-15-inv-verify-test-first-gate-duplicate-spawn.md|Summary (D.E.K.N.)
2026-01-15|verification|Complete|2026-01-15-inv-verify-test-first-gate-implementation.md|Summary (D.E.K.N.)
2026-01-15|verification|Investigating|2026-01-15-inv-verify-test-first-gate-already-exists.md|Summary (D.E.K.N.)
2026-01-16||Complete|2026-01-16-inv-add-claude-context-check-session.md|Summary (D.E.K.N.)
2026-01-16||Complete|2026-01-16-inv-add-stuck-agent-detection-monitoring.md|Summary (D.E.K.N.)
2026-01-16||Complete|2026-01-16-inv-analyze-orchestration-session-hit-context.md|Summary (D.E.K.N.)
2026-01-16||Complete|2026-01-16-inv-fix-orch-status-performance-output.md|Summary (D.E.K.N.)
2026-01-16||Complete|2026-01-16-inv-group-tool-result-collapsible-unit.md|Summary (D.E.K.N.)
2026-01-16||Complete|2026-01-16-inv-integrate-nano-banana-cli-into.md|Summary (D.E.K.N.)
2026-01-16||Complete|2026-01-16-inv-show-tool-result-preview-expand.md|Summary (D.E.K.N.)
2026-01-16||Complete|2026-01-16-inv-workers-pushing-remote-no-push.md|Summary (D.E.K.N.)
2026-01-16||Investigating|2026-01-16-inv-persist-activity-feed-completed-agents.md|Summary (D.E.K.N.)
2026-01-16||Investigating|2026-01-16-inv-test-kb-context-categories.md|Summary (D.E.K.N.)
2026-01-16|audit|Complete|2026-01-16-inv-audit-fix-invalid-svelte-event.md|Summary (D.E.K.N.)
2026-01-16|audit|Complete|2026-01-16-inv-audit-opencode-session-start-injection.md|Summary (D.E.K.N.)
2026-01-16|audit|Complete|2026-01-16-inv-audit-session-transition-traces.md|Summary (D.E.K.N.)
2026-01-16|audit|Complete|2026-01-16-inv-audit-sessionstart-hooks-claude-code.md|Summary (D.E.K.N.)
2026-01-16|audit|Complete|2026-01-16-inv-audit-spawn-context-md-content.md|Summary (D.E.K.N.)
2026-01-16|beads|Complete|2026-01-16-inv-bd-close-force-sets-close.md|Summary (D.E.K.N.)
2026-01-16|dashboard|Complete|2026-01-16-inv-dashboard-add-message-input-agent.md|Summary (D.E.K.N.)
2026-01-16|dashboard|Complete|2026-01-16-inv-dashboard-follow-mode-project-mismatch.md|Summary (D.E.K.N.)
2026-01-16|dashboard|Investigating|2026-01-16-inv-dashboard-add-image-paste-upload.md|Summary (D.E.K.N.)
2026-01-16|dashboard|Investigating|2026-01-16-inv-orch-dashboard-handle-already-running.md|Summary (D.E.K.N.)
2026-01-16|design|Complete|2026-01-16-inv-design-artifact-management-prompts-mockups.md|Summary (D.E.K.N.)
2026-01-16|design|Complete|2026-01-16-inv-orch-go-architect-design-observability.md|Summary (D.E.K.N.)
2026-01-16|skill|Complete|2026-01-16-inv-design-skill-execution-bridge-friction.md|Summary (D.E.K.N.)
2026-01-16|skill|Implementing|2026-01-16-inv-update-orchestrator-skill-outcome-focused.md|Summary (D.E.K.N.)
2026-01-16|spawn|Complete|2026-01-16-inv-add-dedup-check-before-spawn.md|Summary (D.E.K.N.)
2026-01-16|verification|Complete|2026-01-16-inv-design-implement-automated-frame-gate.md|Summary (D.E.K.N.)
2026-01-16|verification|Complete|2026-01-16-inv-orch-go-investigation-trace-verification.md|Summary (D.E.K.N.)
2026-01-17||Complete|2026-01-17-inv-add-decision-linkage-investigation-template.md|Summary (D.E.K.N.)
2026-01-17||Complete|2026-01-17-inv-add-worker-specific-metrics-plugins.md|Summary (D.E.K.N.)
2026-01-17||Complete|2026-01-17-inv-ci-implement-lazy-loading-orchestrator.md|Summary (D.E.K.N.)
2026-01-17||Complete|2026-01-17-inv-ci-implement-role-aware-injection.md|Summary (D.E.K.N.)
2026-01-17||Complete|2026-01-17-inv-create-dylan-context-section-global.md|Summary (D.E.K.N.)
2026-01-17||Complete|2026-01-17-inv-deep-analysis-post-mortem-orchestrator.md|Summary (D.E.K.N.)
2026-01-17||Complete|2026-01-17-inv-diagnose-root-cause-4x-january-abandonment.md|Summary (D.E.K.N.)
2026-01-17||Complete|2026-01-17-inv-fix-build-error-undefined-getactiveagents.md|Summary (D.E.K.N.)
2026-01-17||Complete|2026-01-17-inv-group-tool-result-collapsible-unit.md|Summary (D.E.K.N.)
2026-01-17||Complete|2026-01-17-inv-identify-orchestrator-value-add-vs.md|Summary (D.E.K.N.)
2026-01-17||Complete|2026-01-17-inv-implement-activity-export-logic-tier.md|Summary (D.E.K.N.)
2026-01-17||Complete|2026-01-17-inv-implement-automated-archival-orch-complete.md|Summary (D.E.K.N.)
2026-01-17||Complete|2026-01-17-inv-implement-bloat-size-hotspot-type.md|Summary (D.E.K.N.)
2026-01-17||Complete|2026-01-17-inv-implement-improvements-orch-status-add.md|Summary (D.E.K.N.)
2026-01-17||Complete|2026-01-17-inv-implement-orchestrator-activity-persistence-logic.md|Summary (D.E.K.N.)
2026-01-17||Complete|2026-01-17-inv-implement-proactive-hygiene-checkpoint-orchestrator.md|Summary (D.E.K.N.)
2026-01-17||Complete|2026-01-17-inv-implement-task-noise-filter-orch.md|Summary (D.E.K.N.)
2026-01-17||Complete|2026-01-17-inv-implement-tiered-stuck-agent-recovery.md|Summary (D.E.K.N.)
2026-01-17||Complete|2026-01-17-inv-llm-detect-premise-skipping-question.md|Summary (D.E.K.N.)
2026-01-17||Complete|2026-01-17-inv-measure-context-preparation-vs-execution.md|Summary (D.E.K.N.)
2026-01-17||Complete|2026-01-17-inv-quick-test-list-files-opencode.md|Summary (D.E.K.N.)
2026-01-17||Complete|2026-01-17-inv-read-test-output-txt-times.md|Summary (D.E.K.N.)
2026-01-17||Complete|2026-01-17-inv-review-2026-01-07-strategic.md|Summary (D.E.K.N.)
2026-01-17||Complete|2026-01-17-inv-standardize-opencode-connectivity-127-instead.md|Summary (D.E.K.N.)
2026-01-17||Implementing|2026-01-17-inv-persist-activity-feed-completed-agents.md|Summary (D.E.K.N.)
2026-01-17||Implementing|2026-01-17-inv-visual-hierarchy-differentiate-reasoning-vs.md|Summary (D.E.K.N.)
2026-01-17||Investigating|2026-01-17-inv-analyze-orch-status-observability-gaps.md|Summary (D.E.K.N.)
2026-01-17|beads|Complete|2026-01-17-inv-ci-deduplicate-beads-guidance-across.md|Summary (D.E.K.N.)
2026-01-17|dashboard|Complete|2026-01-17-inv-add-daemon-utilization-metrics-dashboard.md|Summary (D.E.K.N.)
2026-01-17|dashboard|Complete|2026-01-17-inv-dashboard-add-image-paste-upload.md|Summary (D.E.K.N.)
2026-01-17|dashboard|Complete|2026-01-17-inv-design-dashboard-replay-ui-activity.md|Summary (D.E.K.N.)
2026-01-17|design|Complete|2026-01-17-inv-design-activity-feed-persistence-option.md|Summary (D.E.K.N.)
2026-01-17|design|Complete|2026-01-17-inv-design-agent-self-health-context.md|Summary (D.E.K.N.)
2026-01-17|design|Complete|2026-01-17-inv-design-auto-resume-mechanism-stalled.md|Summary (D.E.K.N.)
2026-01-17|design|Complete|2026-01-17-inv-design-core-vs-reference-split.md|Summary (D.E.K.N.)
2026-01-17|design|Complete|2026-01-17-inv-handoff-ui-design-session-feature.md|Summary (D.E.K.N.)
2026-01-17|design|Implementation|2026-01-17-inv-implement-agent-manifest-architecture-create.md|Summary (D.E.K.N.)
2026-01-17|knowledge|Complete|2026-01-17-inv-add-spawn-telemetry-model-performance.md|Summary (D.E.K.N.)
2026-01-17|knowledge|Complete|2026-01-17-inv-build-model-advisor-tool-live.md|Summary (D.E.K.N.)
2026-01-17|spawn|Complete|2026-01-17-inv-analyze-spawn-value-ratio.md|Summary (D.E.K.N.)
2026-01-17|spawn|Complete|2026-01-17-inv-document-manual-spawn-exception-criteria.md|Summary (D.E.K.N.)
2026-01-17|spawn|Complete|2026-01-17-inv-fix-logic-pkg-registry-spawn.md|Summary (D.E.K.N.)
2026-01-17|spawn|Complete|2026-01-17-inv-stress-test-breaks-10x-spawn.md|Summary (D.E.K.N.)
2026-01-17|spawn|Complete|2026-01-17-inv-test-spawn-fix.md|Summary (D.E.K.N.)
2026-01-17|spawn|Complete|2026-01-17-inv-test-spawn-list-files-current.md|Summary (D.E.K.N.)
2026-01-17|synthesis|Complete|2026-01-17-inv-synthesize-12-investigations-related-workspace.md|Summary (D.E.K.N.)
2026-01-17|synthesis|Complete|2026-01-17-inv-synthesize-worker-investigation-cluster-investigations.md|Summary (D.E.K.N.)
2026-01-17|synthesis|Complete|2026-01-17-inv-synthesize-workspace-investigation-cluster-investigations.md|Summary (D.E.K.N.)
2026-01-17|verification|Complete|2026-01-17-inv-dashboard-surface-screenshot-artifacts-verification.md|Summary (D.E.K.N.)
2026-01-17|verification|Complete|2026-01-17-inv-design-800-line-bloat-gate.md|Summary (D.E.K.N.)
2026-01-17|verification|Complete|2026-01-17-inv-enhance-agent-reporting-verification-gates.md|Summary (D.E.K.N.)
2026-01-17|verification|Complete|2026-01-17-inv-investigate-auto-rebuild-reports-already.md|Summary (D.E.K.N.)
2026-01-17|verification|Complete|2026-01-17-inv-investigate-failed-extract-session-id.md|Summary (D.E.K.N.)
2026-01-17|verification|Complete|2026-01-17-inv-verify-worker-metrics-perform-10.md|Summary (D.E.K.N.)
2026-01-17|verification|Investigating|2026-01-17-inv-verify-fix.md|Summary (D.E.K.N.)
2026-01-18||Complete|2026-01-18-inv-add-hook-warn-slow-find.md|Summary (D.E.K.N.)
2026-01-18||Complete|2026-01-18-inv-add-questions-view-orch-go.md|Summary (D.E.K.N.)
2026-01-18||Complete|2026-01-18-inv-add-workspace-path-tracking-session.md|Summary (D.E.K.N.)
2026-01-18||Complete|2026-01-18-inv-ci-implement-role-aware-injection.md|Summary (D.E.K.N.)
2026-01-18||Complete|2026-01-18-inv-clean-up-10-empty-investigation.md|Summary (D.E.K.N.)
2026-01-18||Complete|2026-01-18-inv-documentation-add-session-handoff-location.md|Summary (D.E.K.N.)
2026-01-18||Complete|2026-01-18-inv-expressive-agent-status-display-status.md|Summary (D.E.K.N.)
2026-01-18||Complete|2026-01-18-inv-orch-complete-clean-up-tmux.md|Summary (D.E.K.N.)
2026-01-18|audit|Complete|2026-01-18-inv-audit-forcing-functions-temporal-alignment.md|Summary (D.E.K.N.)
2026-01-18|beads|Complete|2026-01-18-inv-create-beads-issues-10-investigations.md|Summary (D.E.K.N.)
2026-01-18|dashboard|Complete|2026-01-18-inv-update-dashboard-architecture-md-evolution.md|Summary (D.E.K.N.)
2026-01-18|design|Complete|2026-01-18-design-opencode-binary-resolution.md|Summary (D.E.K.N.)
2026-01-18|design|Complete|2026-01-18-inv-design-questions-first-class-entities.md|Summary (D.E.K.N.)
2026-01-18|knowledge|Complete|2026-01-18-inv-bug-model-badges-not-visible.md|Summary (D.E.K.N.)
2026-01-18|skill|Complete|2026-01-18-inv-add-force-refactor-flag-skillc.md|Summary (D.E.K.N.)
2026-01-18|skill|Complete|2026-01-18-inv-update-orchestrator-skill-add-frustration.md|Summary (D.E.K.N.)
2026-01-18|spawn|Complete|2026-01-18-inv-change-spawn-default-opencode-claude.md|Summary (D.E.K.N.)
2026-01-18|verification|Complete|2026-01-18-inv-investigate-gemini-text-mimicking-tool-calls.md|Summary (D.E.K.N.)
2026-01-18|verification|Complete|2026-01-18-inv-investigate-tui-tool-call-display.md|Summary (D.E.K.N.)
2026-02-12|entropy|Complete|2026-02-12-inv-entropy-spiral-postmortem.md|Summary (D.E.K.N.)
2026-02-13||Complete (aborted - wrong task)|2026-02-13-inv-sibling-agents-tmux-die-orch.md|Summary (D.E.K.N.)
2026-02-13||Complete|2026-02-13-inv-bundle-fix-push-batching-guidance.md|Summary (D.E.K.N.)
2026-02-13||Complete|2026-02-13-inv-eliminate-pkg-registry-workspace-files.md|Summary (D.E.K.N.)
2026-02-13||Complete|2026-02-13-inv-evaluate-lifecycle-management-orch-own.md|Summary (D.E.K.N.)
2026-02-13||Complete|2026-02-13-inv-orch-knowledge-pre-commit-hook.md|Summary (D.E.K.N.)
2026-02-13||Complete|2026-02-13-inv-orch-status-shows-ghost-agents.md|Summary (D.E.K.N.)
2026-02-13||Complete|2026-02-13-inv-restore-models-probes-go-infrastructure.md|Summary (D.E.K.N.)
2026-02-13||Complete|2026-02-13-inv-simplify-orch-clean-merge-phantom.md|Summary (D.E.K.N.)
2026-02-13||Complete|2026-02-13-inv-update-agent-lifecycle-state-model.md|Summary (D.E.K.N.)
2026-02-13|audit|Complete|2026-02-13-inv-audit-orch-go-implementation-model.md|Summary (D.E.K.N.)
2026-02-13|audit|Complete|2026-02-13-inv-audit-spawn-prompt-quality-vs-outcomes.md|Summary (D.E.K.N.)
2026-02-13|beads|[Investigating/Synthesizing/Complete]|2026-02-13-inv-bd-sync-bulk-git-add.md|Summary (D.E.K.N.)
2026-02-13|daemon|Complete|2026-02-13-inv-cherry-pick-daemon-rate-limiting.md|Summary (D.E.K.N.)
2026-02-13|dashboard|Complete|2026-02-13-debug-orch-complete-kills-dashboard.md|Summary (D.E.K.N.)
2026-02-13|dashboard|Complete|2026-02-13-inv-recover-dashboard-web-ui-entropy.md|Summary (D.E.K.N.)
2026-02-13|entropy|Complete|2026-02-13-inv-entropy-spiral-recovery-audit.md|Investigation: Entropy Spiral Recovery Audit
2026-02-13|entropy|Complete|2026-02-13-inv-recover-pkg-attention-system-entropy.md|Summary (D.E.K.N.)
2026-02-13|knowledge|Complete|2026-02-13-inv-add-probe-verdict-parsing-orch.md|Summary (D.E.K.N.)
2026-02-13|knowledge|Complete|2026-02-13-inv-audit-model-probe-investigation-claims.md|Summary (D.E.K.N.)
2026-02-13|knowledge|Complete|2026-02-13-inv-build-model-opencode-fork.md|Summary (D.E.K.N.)
2026-02-13|knowledge|Complete|2026-02-13-inv-disambiguate-probe-terminology-across-skills.md|Summary (D.E.K.N.)
2026-02-13|knowledge|Complete|2026-02-13-inv-expand-model-probe-awareness-beyond.md|Summary (D.E.K.N.)
2026-02-13|knowledge|Complete|2026-02-13-inv-probe-capture-current-macos-service.md|Summary (D.E.K.N.)
2026-02-13|knowledge|Complete|2026-02-13-inv-probe-inventory-friction-gates-across.md|Summary (D.E.K.N.)
2026-02-13|knowledge|Complete|2026-02-13-inv-reconcile-model-creation-threshold-contradiction.md|Summary (D.E.K.N.)
2026-02-13|skill|Complete|2026-02-13-inv-apply-fixes-completed-stale-skill.md|Summary (D.E.K.N.)
2026-02-13|skill|Complete|2026-02-13-inv-audit-skills-orch-knowledge-skills.md|Summary (D.E.K.N.)
2026-02-13|skill|Complete|2026-02-13-inv-remove-unused-skills-orch-knowledge.md|Summary (D.E.K.N.)
2026-02-13|spawn|Complete|2026-02-13-inv-headless-spawn-doesn-set-agent.md|Summary (D.E.K.N.)
2026-02-13|spawn|Complete|2026-02-13-inv-inline-spawn-inline-same-workdir.md|Summary (D.E.K.N.)
2026-02-13|verification|Complete|2026-02-13-inv-verify-whether-orch-clean-kills-headless-sessions.md|Summary (D.E.K.N.)
2026-02-14||Complete|2026-02-14-inv-active-orchestrator-session-deleted-while.md|Summary (D.E.K.N.)
2026-02-14||Complete|2026-02-14-inv-add-claude-md-accretion-boundaries.md|Summary (D.E.K.N.)
2026-02-14||Complete|2026-02-14-inv-add-session-metadata-api-opencode.md|Summary (D.E.K.N.)
2026-02-14||Complete|2026-02-14-inv-fix-claude-md-remove-deleted.md|Summary (D.E.K.N.)
2026-02-14||Complete|2026-02-14-inv-fix-ctrl-triple-bind-rebind.md|Summary (D.E.K.N.)
2026-02-14||Complete|2026-02-14-inv-fix-orch-clean-gap-call.md|Summary (D.E.K.N.)
2026-02-14||Complete|2026-02-14-inv-integrate-existing-session-status-endpoint.md|Summary (D.E.K.N.)
2026-02-14||Complete|2026-02-14-inv-revive-work-graph-ui-accessible.md|Summary (D.E.K.N.)
2026-02-14||Complete|2026-02-14-trajectory-analysis-dec19-feb12.md|Summary (D.E.K.N.)
2026-02-14|audit|Complete|2026-02-14-audit-comprehensive-orch-go-codebase-audit.md|Summary (D.E.K.N.)
2026-02-14|coaching|Complete|2026-02-14-design-coaching-metrics-redesign.md|Design: Coaching Metrics Redesign
2026-02-14|design|Complete|2026-02-14-design-backend-agnostic-session-contract.md|Design: Backend-Agnostic Session Contract
2026-02-14|design|Complete|2026-02-14-design-control-plane-heuristics.md|Investigation: Redesign Control Plane Circuit Breaker Heuristics
2026-02-14|design|Complete|2026-02-14-design-language-agnostic-accretion-metrics.md|Summary (D.E.K.N.)
2026-02-14|design|Complete|2026-02-14-inv-architect-design-accretion-gravity-enforcement.md|Summary (D.E.K.N.)
2026-02-14|design|Complete|2026-02-14-inv-design-artifact-taxonomy-evolution-probe.md|Summary (D.E.K.N.)
2026-02-14|entropy|Complete|2026-02-14-inv-entropy-spiral-deep-analysis.md|Summary (D.E.K.N.)
2026-02-14|knowledge|Complete|2026-02-14-inv-design-solution-model-artifact-staleness.md|Summary (D.E.K.N.)
2026-02-14|knowledge|Complete|2026-02-14-inv-probe-vs-investigation-routing-invisible.md|Summary (D.E.K.N.)
2026-02-14|knowledge|Investigating|2026-02-14-inv-fix-probe-commit-pipeline-probes.md|Summary (D.E.K.N.)
2026-02-14|skill|Complete|2026-02-14-inv-add-skill-class-awareness-test.md|Summary (D.E.K.N.)
2026-02-14|skill|Complete|2026-02-14-inv-fix-skill-inference-architect-title.md|Summary (D.E.K.N.)
2026-02-14|spawn|Complete|2026-02-14-inv-fix-spawn-template-default-remove.md|Summary (D.E.K.N.)
2026-02-14|spawn|Complete|2026-02-14-inv-fix-spawn-template-remove-default.md|Summary (D.E.K.N.)
2026-02-14|synthesis|Complete|2026-02-14-inv-implement-kb-reflect-type-synthesis.md|Summary (D.E.K.N.)
2026-02-14|synthesis|Complete|2026-02-14-inv-synthesize-extract-investigations-12-synthesis.md|Summary (D.E.K.N.)
2026-02-14|synthesis|Complete|2026-02-14-inv-synthesize-synthesize-investigations-10-synthesis.md|Summary (D.E.K.N.)
2026-02-14|verification|Complete|2026-02-14-inv-investigate-skills-produce-investigation-artifacts.md|Summary (D.E.K.N.)
2026-02-14|verification|Complete|2026-02-14-inv-remove-pure-noise-completion-gates.md|Summary (D.E.K.N.)
2026-02-14|verification|Testing|2026-02-14-inv-soften-strategic-first-hotspot-gate.md|Summary (D.E.K.N.)
